cell_id,lat_idx,lon_idx,south,north,west,east,centre_lat,centre_lon,is_california
203,3,38,32.594339622641506,32.79245283018868,-117.4,-117.2,32.69339622641509,-117.30000000000001,True
204,3,39,32.594339622641506,32.79245283018868,-117.2,-117.0,32.69339622641509,-117.1,True
205,3,40,32.594339622641506,32.79245283018868,-117.0,-116.8,32.69339622641509,-116.9,True
206,3,41,32.594339622641506,32.79245283018868,-116.8,-116.6,32.69339622641509,-116.69999999999999,True
207,3,42,32.594339622641506,32.79245283018868,-116.6,-116.4,32.69339622641509,-116.5,True
208,3,43,32.594339622641506,32.79245283018868,-116.4,-116.2,32.69339622641509,-116.30000000000001,True
209,3,44,32.594339622641506,32.79245283018868,-116.2,-116.0,32.69339622641509,-116.1,True
210,3,45,32.594339622641506,32.79245283018868,-116.0,-115.8,32.69339622641509,-115.9,True
211,3,46,32.594339622641506,32.79245283018868,-115.8,-115.6,32.69339622641509,-115.69999999999999,True
212,3,47,32.594339622641506,32.79245283018868,-115.6,-115.4,32.69339622641509,-115.5,True
213,3,48,32.594339622641506,32.79245283018868,-115.4,-115.2,32.69339622641509,-115.30000000000001,True
214,3,49,32.594339622641506,32.79245283018868,-115.2,-115.0,32.69339622641509,-115.1,True
252,4,32,32.79245283018868,32.990566037735846,-118.6,-118.4,32.89150943396226,-118.5,True
258,4,38,32.79245283018868,32.990566037735846,-117.4,-117.2,32.89150943396226,-117.30000000000001,True
259,4,39,32.79245283018868,32.990566037735846,-117.2,-117.0,32.89150943396226,-117.1,True
260,4,40,32.79245283018868,32.990566037735846,-117.0,-116.8,32.89150943396226,-116.9,True
261,4,41,32.79245283018868,32.990566037735846,-116.8,-116.6,32.89150943396226,-116.69999999999999,True
262,4,42,32.79245283018868,32.990566037735846,-116.6,-116.4,32.89150943396226,-116.5,True
263,4,43,32.79245283018868,32.990566037735846,-116.4,-116.2,32.89150943396226,-116.30000000000001,True
264,4,44,32.79245283018868,32.990566037735846,-116.2,-116.0,32.89150943396226,-116.1,True
265,4,45,32.79245283018868,32.990566037735846,-116.0,-115.8,32.89150943396226,-115.9,True
266,4,46,32.79245283018868,32.990566037735846,-115.8,-115.6,32.89150943396226,-115.69999999999999,True
267,4,47,32.79245283018868,32.990566037735846,-115.6,-115.4,32.89150943396226,-115.5,True
268,4,48,32.79245283018868,32.990566037735846,-115.4,-115.2,32.89150943396226,-115.30000000000001,True
269,4,49,32.79245283018868,32.990566037735846,-115.2,-115.0,32.89150943396226,-115.1,True
270,4,50,32.79245283018868,32.990566037735846,-115.0,-114.8,32.89150943396226,-114.9,True
271,4,51,32.79245283018868,32.990566037735846,-114.8,-114.6,32.89150943396226,-114.69999999999999,True
272,4,52,32.79245283018868,32.990566037735846,-114.6,-114.4,32.89150943396226,-114.5,True
313,5,38,32.990566037735846,33.18867924528302,-117.4,-117.2,33.089622641509436,-117.30000000000001,True
314,5,39,32.990566037735846,33.18867924528302,-117.2,-117.0,33.089622641509436,-117.1,True
315,5,40,32.990566037735846,33.18867924528302,-117.0,-116.8,33.089622641509436,-116.9,True
316,5,41,32.990566037735846,33.18867924528302,-116.8,-116.6,33.089622641509436,-116.69999999999999,True
317,5,42,32.990566037735846,33.18867924528302,-116.6,-116.4,33.089622641509436,-116.5,True
318,5,43,32.990566037735846,33.18867924528302,-116.4,-116.2,33.089622641509436,-116.30000000000001,True
319,5,44,32.990566037735846,33.18867924528302,-116.2,-116.0,33.089622641509436,-116.1,True
320,5,45,32.990566037735846,33.18867924528302,-116.0,-115.8,33.089622641509436,-115.9,True
321,5,46,32.990566037735846,33.18867924528302,-115.8,-115.6,33.089622641509436,-115.69999999999999,True
322,5,47,32.990566037735846,33.18867924528302,-115.6,-115.4,33.089622641509436,-115.5,True
323,5,48,32.990566037735846,33.18867924528302,-115.4,-115.2,33.089622641509436,-115.30000000000001,True
324,5,49,32.990566037735846,33.18867924528302,-115.2,-115.0,33.089622641509436,-115.1,True
325,5,50,32.990566037735846,33.18867924528302,-115.0,-114.8,33.089622641509436,-114.9,True
357,6,27,33.18867924528302,33.386792452830186,-119.6,-119.4,33.2877358490566,-119.5,True
362,6,32,33.18867924528302,33.386792452830186,-118.6,-118.4,33.2877358490566,-118.5,True
363,6,33,33.18867924528302,33.386792452830186,-118.4,-118.2,33.2877358490566,-118.30000000000001,True
367,6,37,33.18867924528302,33.386792452830186,-117.6,-117.4,33.2877358490566,-117.5,True
368,6,38,33.18867924528302,33.386792452830186,-117.4,-117.2,33.2877358490566,-117.30000000000001,True
369,6,39,33.18867924528302,33.386792452830186,-117.2,-117.0,33.2877358490566,-117.1,True
370,6,40,33.18867924528302,33.386792452830186,-117.0,-116.8,33.2877358490566,-116.9,True
371,6,41,33.18867924528302,33.386792452830186,-116.8,-116.6,33.2877358490566,-116.69999999999999,True
372,6,42,33.18867924528302,33.386792452830186,-116.6,-116.4,33.2877358490566,-116.5,True
373,6,43,33.18867924528302,33.386792452830186,-116.4,-116.2,33.2877358490566,-116.30000000000001,True
374,6,44,33.18867924528302,33.386792452830186,-116.2,-116.0,33.2877358490566,-116.1,True
375,6,45,33.18867924528302,33.386792452830186,-116.0,-115.8,33.2877358490566,-115.9,True
376,6,46,33.18867924528302,33.386792452830186,-115.8,-115.6,33.2877358490566,-115.69999999999999,True
377,6,47,33.18867924528302,33.386792452830186,-115.6,-115.4,33.2877358490566,-115.5,True
378,6,48,33.18867924528302,33.386792452830186,-115.4,-115.2,33.2877358490566,-115.30000000000001,True
379,6,49,33.18867924528302,33.386792452830186,-115.2,-115.0,33.2877358490566,-115.1,True
380,6,50,33.18867924528302,33.386792452830186,-115.0,-114.8,33.2877358490566,-114.9,True
414,7,29,33.386792452830186,33.58490566037736,-119.2,-119.0,33.48584905660377,-119.1,True
417,7,32,33.386792452830186,33.58490566037736,-118.6,-118.4,33.48584905660377,-118.5,True
421,7,36,33.386792452830186,33.58490566037736,-117.8,-117.6,33.48584905660377,-117.69999999999999,True
422,7,37,33.386792452830186,33.58490566037736,-117.6,-117.4,33.48584905660377,-117.5,True
423,7,38,33.386792452830186,33.58490566037736,-117.4,-117.2,33.48584905660377,-117.30000000000001,True
424,7,39,33.386792452830186,33.58490566037736,-117.2,-117.0,33.48584905660377,-117.1,True
425,7,40,33.386792452830186,33.58490566037736,-117.0,-116.8,33.48584905660377,-116.9,True
426,7,41,33.386792452830186,33.58490566037736,-116.8,-116.6,33.48584905660377,-116.69999999999999,True
427,7,42,33.386792452830186,33.58490566037736,-116.6,-116.4,33.48584905660377,-116.5,True
428,7,43,33.386792452830186,33.58490566037736,-116.4,-116.2,33.48584905660377,-116.30000000000001,True
429,7,44,33.386792452830186,33.58490566037736,-116.2,-116.0,33.48584905660377,-116.1,True
430,7,45,33.386792452830186,33.58490566037736,-116.0,-115.8,33.48584905660377,-115.9,True
431,7,46,33.386792452830186,33.58490566037736,-115.8,-115.6,33.48584905660377,-115.69999999999999,True
432,7,47,33.386792452830186,33.58490566037736,-115.6,-115.4,33.48584905660377,-115.5,True
433,7,48,33.386792452830186,33.58490566037736,-115.4,-115.2,33.48584905660377,-115.30000000000001,True
434,7,49,33.386792452830186,33.58490566037736,-115.2,-115.0,33.48584905660377,-115.1,True
435,7,50,33.386792452830186,33.58490566037736,-115.0,-114.8,33.48584905660377,-114.9,True
436,7,51,33.386792452830186,33.58490566037736,-114.8,-114.6,33.48584905660377,-114.69999999999999,True
473,8,33,33.58490566037736,33.783018867924525,-118.4,-118.2,33.68396226415094,-118.30000000000001,True
474,8,34,33.58490566037736,33.783018867924525,-118.2,-118.0,33.68396226415094,-118.1,True
475,8,35,33.58490566037736,33.783018867924525,-118.0,-117.8,33.68396226415094,-117.9,True
476,8,36,33.58490566037736,33.783018867924525,-117.8,-117.6,33.68396226415094,-117.69999999999999,True
477,8,37,33.58490566037736,33.783018867924525,-117.6,-117.4,33.68396226415094,-117.5,True
478,8,38,33.58490566037736,33.783018867924525,-117.4,-117.2,33.68396226415094,-117.30000000000001,True
479,8,39,33.58490566037736,33.783018867924525,-117.2,-117.0,33.68396226415094,-117.1,True
480,8,40,33.58490566037736,33.783018867924525,-117.0,-116.8,33.68396226415094,-116.9,True
481,8,41,33.58490566037736,33.783018867924525,-116.8,-116.6,33.68396226415094,-116.69999999999999,True
482,8,42,33.58490566037736,33.783018867924525,-116.6,-116.4,33.68396226415094,-116.5,True
483,8,43,33.58490566037736,33.783018867924525,-116.4,-116.2,33.68396226415094,-116.30000000000001,True
484,8,44,33.58490566037736,33.783018867924525,-116.2,-116.0,33.68396226415094,-116.1,True
485,8,45,33.58490566037736,33.783018867924525,-116.0,-115.8,33.68396226415094,-115.9,True
486,8,46,33.58490566037736,33.783018867924525,-115.8,-115.6,33.68396226415094,-115.69999999999999,True
487,8,47,33.58490566037736,33.783018867924525,-115.6,-115.4,33.68396226415094,-115.5,True
488,8,48,33.58490566037736,33.783018867924525,-115.4,-115.2,33.68396226415094,-115.30000000000001,True
489,8,49,33.58490566037736,33.783018867924525,-115.2,-115.0,33.68396226415094,-115.1,True
490,8,50,33.58490566037736,33.783018867924525,-115.0,-114.8,33.68396226415094,-114.9,True
491,8,51,33.58490566037736,33.783018867924525,-114.8,-114.6,33.68396226415094,-114.69999999999999,True
519,9,24,33.783018867924525,33.9811320754717,-120.2,-120.0,33.882075471698116,-120.1,True
528,9,33,33.783018867924525,33.9811320754717,-118.4,-118.2,33.882075471698116,-118.30000000000001,True
529,9,34,33.783018867924525,33.9811320754717,-118.2,-118.0,33.882075471698116,-118.1,True
530,9,35,33.783018867924525,33.9811320754717,-118.0,-117.8,33.882075471698116,-117.9,True
531,9,36,33.783018867924525,33.9811320754717,-117.8,-117.6,33.882075471698116,-117.69999999999999,True
532,9,37,33.783018867924525,33.9811320754717,-117.6,-117.4,33.882075471698116,-117.5,True
533,9,38,33.783018867924525,33.9811320754717,-117.4,-117.2,33.882075471698116,-117.30000000000001,True
534,9,39,33.783018867924525,33.9811320754717,-117.2,-117.0,33.882075471698116,-117.1,True
535,9,40,33.783018867924525,33.9811320754717,-117.0,-116.8,33.882075471698116,-116.9,True
536,9,41,33.783018867924525,33.9811320754717,-116.8,-116.6,33.882075471698116,-116.69999999999999,True
537,9,42,33.783018867924525,33.9811320754717,-116.6,-116.4,33.882075471698116,-116.5,True
538,9,43,33.783018867924525,33.9811320754717,-116.4,-116.2,33.882075471698116,-116.30000000000001,True
539,9,44,33.783018867924525,33.9811320754717,-116.2,-116.0,33.882075471698116,-116.1,True
540,9,45,33.783018867924525,33.9811320754717,-116.0,-115.8,33.882075471698116,-115.9,True
541,9,46,33.783018867924525,33.9811320754717,-115.8,-115.6,33.882075471698116,-115.69999999999999,True
542,9,47,33.783018867924525,33.9811320754717,-115.6,-115.4,33.882075471698116,-115.5,True
543,9,48,33.783018867924525,33.9811320754717,-115.4,-115.2,33.882075471698116,-115.30000000000001,True
544,9,49,33.783018867924525,33.9811320754717,-115.2,-115.0,33.882075471698116,-115.1,True
545,9,50,33.783018867924525,33.9811320754717,-115.0,-114.8,33.882075471698116,-114.9,True
546,9,51,33.783018867924525,33.9811320754717,-114.8,-114.6,33.882075471698116,-114.69999999999999,True
572,10,22,33.9811320754717,34.179245283018865,-120.6,-120.4,34.08018867924528,-120.5,True
573,10,23,33.9811320754717,34.179245283018865,-120.4,-120.2,34.08018867924528,-120.30000000000001,True
575,10,25,33.9811320754717,34.179245283018865,-120.0,-119.8,34.08018867924528,-119.9,True
576,10,26,33.9811320754717,34.179245283018865,-119.8,-119.6,34.08018867924528,-119.69999999999999,True
577,10,27,33.9811320754717,34.179245283018865,-119.6,-119.4,34.08018867924528,-119.5,True
579,10,29,33.9811320754717,34.179245283018865,-119.2,-119.0,34.08018867924528,-119.1,True
580,10,30,33.9811320754717,34.179245283018865,-119.0,-118.8,34.08018867924528,-118.9,True
581,10,31,33.9811320754717,34.179245283018865,-118.8,-118.6,34.08018867924528,-118.69999999999999,True
582,10,32,33.9811320754717,34.179245283018865,-118.6,-118.4,34.08018867924528,-118.5,True
583,10,33,33.9811320754717,34.179245283018865,-118.4,-118.2,34.08018867924528,-118.30000000000001,True
584,10,34,33.9811320754717,34.179245283018865,-118.2,-118.0,34.08018867924528,-118.1,True
585,10,35,33.9811320754717,34.179245283018865,-118.0,-117.8,34.08018867924528,-117.9,True
586,10,36,33.9811320754717,34.179245283018865,-117.8,-117.6,34.08018867924528,-117.69999999999999,True
587,10,37,33.9811320754717,34.179245283018865,-117.6,-117.4,34.08018867924528,-117.5,True
588,10,38,33.9811320754717,34.179245283018865,-117.4,-117.2,34.08018867924528,-117.30000000000001,True
589,10,39,33.9811320754717,34.179245283018865,-117.2,-117.0,34.08018867924528,-117.1,True
590,10,40,33.9811320754717,34.179245283018865,-117.0,-116.8,34.08018867924528,-116.9,True
591,10,41,33.9811320754717,34.179245283018865,-116.8,-116.6,34.08018867924528,-116.69999999999999,True
592,10,42,33.9811320754717,34.179245283018865,-116.6,-116.4,34.08018867924528,-116.5,True
593,10,43,33.9811320754717,34.179245283018865,-116.4,-116.2,34.08018867924528,-116.30000000000001,True
594,10,44,33.9811320754717,34.179245283018865,-116.2,-116.0,34.08018867924528,-116.1,True
595,10,45,33.9811320754717,34.179245283018865,-116.0,-115.8,34.08018867924528,-115.9,True
596,10,46,33.9811320754717,34.179245283018865,-115.8,-115.6,34.08018867924528,-115.69999999999999,True
597,10,47,33.9811320754717,34.179245283018865,-115.6,-115.4,34.08018867924528,-115.5,True
598,10,48,33.9811320754717,34.179245283018865,-115.4,-115.2,34.08018867924528,-115.30000000000001,True
599,10,49,33.9811320754717,34.179245283018865,-115.2,-115.0,34.08018867924528,-115.1,True
600,10,50,33.9811320754717,34.179245283018865,-115.0,-114.8,34.08018867924528,-114.9,True
601,10,51,33.9811320754717,34.179245283018865,-114.8,-114.6,34.08018867924528,-114.69999999999999,True
602,10,52,33.9811320754717,34.179245283018865,-114.6,-114.4,34.08018867924528,-114.5,True
633,11,28,34.179245283018865,34.37735849056604,-119.4,-119.2,34.27830188679245,-119.30000000000001,True
634,11,29,34.179245283018865,34.37735849056604,-119.2,-119.0,34.27830188679245,-119.1,True
635,11,30,34.179245283018865,34.37735849056604,-119.0,-118.8,34.27830188679245,-118.9,True
636,11,31,34.179245283018865,34.37735849056604,-118.8,-118.6,34.27830188679245,-118.69999999999999,True
637,11,32,34.179245283018865,34.37735849056604,-118.6,-118.4,34.27830188679245,-118.5,True
638,11,33,34.179245283018865,34.37735849056604,-118.4,-118.2,34.27830188679245,-118.30000000000001,True
639,11,34,34.179245283018865,34.37735849056604,-118.2,-118.0,34.27830188679245,-118.1,True
640,11,35,34.179245283018865,34.37735849056604,-118.0,-117.8,34.27830188679245,-117.9,True
641,11,36,34.179245283018865,34.37735849056604,-117.8,-117.6,34.27830188679245,-117.69999999999999,True
642,11,37,34.179245283018865,34.37735849056604,-117.6,-117.4,34.27830188679245,-117.5,True
643,11,38,34.179245283018865,34.37735849056604,-117.4,-117.2,34.27830188679245,-117.30000000000001,True
644,11,39,34.179245283018865,34.37735849056604,-117.2,-117.0,34.27830188679245,-117.1,True
645,11,40,34.179245283018865,34.37735849056604,-117.0,-116.8,34.27830188679245,-116.9,True
646,11,41,34.179245283018865,34.37735849056604,-116.8,-116.6,34.27830188679245,-116.69999999999999,True
647,11,42,34.179245283018865,34.37735849056604,-116.6,-116.4,34.27830188679245,-116.5,True
648,11,43,34.179245283018865,34.37735849056604,-116.4,-116.2,34.27830188679245,-116.30000000000001,True
649,11,44,34.179245283018865,34.37735849056604,-116.2,-116.0,34.27830188679245,-116.1,True
650,11,45,34.179245283018865,34.37735849056604,-116.0,-115.8,34.27830188679245,-115.9,True
651,11,46,34.179245283018865,34.37735849056604,-115.8,-115.6,34.27830188679245,-115.69999999999999,True
652,11,47,34.179245283018865,34.37735849056604,-115.6,-115.4,34.27830188679245,-115.5,True
653,11,48,34.179245283018865,34.37735849056604,-115.4,-115.2,34.27830188679245,-115.30000000000001,True
654,11,49,34.179245283018865,34.37735849056604,-115.2,-115.0,34.27830188679245,-115.1,True
655,11,50,34.179245283018865,34.37735849056604,-115.0,-114.8,34.27830188679245,-114.9,True
656,11,51,34.179245283018865,34.37735849056604,-114.8,-114.6,34.27830188679245,-114.69999999999999,True
657,11,52,34.179245283018865,34.37735849056604,-114.6,-114.4,34.27830188679245,-114.5,True
658,11,53,34.179245283018865,34.37735849056604,-114.4,-114.2,34.27830188679245,-114.30000000000001,True
682,12,22,34.37735849056604,34.575471698113205,-120.6,-120.4,34.47641509433962,-120.5,True
683,12,23,34.37735849056604,34.575471698113205,-120.4,-120.2,34.47641509433962,-120.30000000000001,True
684,12,24,34.37735849056604,34.575471698113205,-120.2,-120.0,34.47641509433962,-120.1,True
685,12,25,34.37735849056604,34.575471698113205,-120.0,-119.8,34.47641509433962,-119.9,True
686,12,26,34.37735849056604,34.575471698113205,-119.8,-119.6,34.47641509433962,-119.69999999999999,True
687,12,27,34.37735849056604,34.575471698113205,-119.6,-119.4,34.47641509433962,-119.5,True
688,12,28,34.37735849056604,34.575471698113205,-119.4,-119.2,34.47641509433962,-119.30000000000001,True
689,12,29,34.37735849056604,34.575471698113205,-119.2,-119.0,34.47641509433962,-119.1,True
690,12,30,34.37735849056604,34.575471698113205,-119.0,-118.8,34.47641509433962,-118.9,True
691,12,31,34.37735849056604,34.575471698113205,-118.8,-118.6,34.47641509433962,-118.69999999999999,True
692,12,32,34.37735849056604,34.575471698113205,-118.6,-118.4,34.47641509433962,-118.5,True
693,12,33,34.37735849056604,34.575471698113205,-118.4,-118.2,34.47641509433962,-118.30000000000001,True
694,12,34,34.37735849056604,34.575471698113205,-118.2,-118.0,34.47641509433962,-118.1,True
695,12,35,34.37735849056604,34.575471698113205,-118.0,-117.8,34.47641509433962,-117.9,True
696,12,36,34.37735849056604,34.575471698113205,-117.8,-117.6,34.47641509433962,-117.69999999999999,True
697,12,37,34.37735849056604,34.575471698113205,-117.6,-117.4,34.47641509433962,-117.5,True
698,12,38,34.37735849056604,34.575471698113205,-117.4,-117.2,34.47641509433962,-117.30000000000001,True
699,12,39,34.37735849056604,34.575471698113205,-117.2,-117.0,34.47641509433962,-117.1,True
700,12,40,34.37735849056604,34.575471698113205,-117.0,-116.8,34.47641509433962,-116.9,True
701,12,41,34.37735849056604,34.575471698113205,-116.8,-116.6,34.47641509433962,-116.69999999999999,True
702,12,42,34.37735849056604,34.575471698113205,-116.6,-116.4,34.47641509433962,-116.5,True
703,12,43,34.37735849056604,34.575471698113205,-116.4,-116.2,34.47641509433962,-116.30000000000001,True
704,12,44,34.37735849056604,34.575471698113205,-116.2,-116.0,34.47641509433962,-116.1,True
705,12,45,34.37735849056604,34.575471698113205,-116.0,-115.8,34.47641509433962,-115.9,True
706,12,46,34.37735849056604,34.575471698113205,-115.8,-115.6,34.47641509433962,-115.69999999999999,True
707,12,47,34.37735849056604,34.575471698113205,-115.6,-115.4,34.47641509433962,-115.5,True
708,12,48,34.37735849056604,34.575471698113205,-115.4,-115.2,34.47641509433962,-115.30000000000001,True
709,12,49,34.37735849056604,34.575471698113205,-115.2,-115.0,34.47641509433962,-115.1,True
710,12,50,34.37735849056604,34.575471698113205,-115.0,-114.8,34.47641509433962,-114.9,True
711,12,51,34.37735849056604,34.575471698113205,-114.8,-114.6,34.47641509433962,-114.69999999999999,True
712,12,52,34.37735849056604,34.575471698113205,-114.6,-114.4,34.47641509433962,-114.5,True
737,13,22,34.575471698113205,34.77358490566038,-120.6,-120.4,34.674528301886795,-120.5,True
738,13,23,34.575471698113205,34.77358490566038,-120.4,-120.2,34.674528301886795,-120.30000000000001,True
739,13,24,34.575471698113205,34.77358490566038,-120.2,-120.0,34.674528301886795,-120.1,True
740,13,25,34.575471698113205,34.77358490566038,-120.0,-119.8,34.674528301886795,-119.9,True
741,13,26,34.575471698113205,34.77358490566038,-119.8,-119.6,34.674528301886795,-119.69999999999999,True
742,13,27,34.575471698113205,34.77358490566038,-119.6,-119.4,34.674528301886795,-119.5,True
743,13,28,34.575471698113205,34.77358490566038,-119.4,-119.2,34.674528301886795,-119.30000000000001,True
744,13,29,34.575471698113205,34.77358490566038,-119.2,-119.0,34.674528301886795,-119.1,True
745,13,30,34.575471698113205,34.77358490566038,-119.0,-118.8,34.674528301886795,-118.9,True
746,13,31,34.575471698113205,34.77358490566038,-118.8,-118.6,34.674528301886795,-118.69999999999999,True
747,13,32,34.575471698113205,34.77358490566038,-118.6,-118.4,34.674528301886795,-118.5,True
748,13,33,34.575471698113205,34.77358490566038,-118.4,-118.2,34.674528301886795,-118.30000000000001,True
749,13,34,34.575471698113205,34.77358490566038,-118.2,-118.0,34.674528301886795,-118.1,True
750,13,35,34.575471698113205,34.77358490566038,-118.0,-117.8,34.674528301886795,-117.9,True
751,13,36,34.575471698113205,34.77358490566038,-117.8,-117.6,34.674528301886795,-117.69999999999999,True
752,13,37,34.575471698113205,34.77358490566038,-117.6,-117.4,34.674528301886795,-117.5,True
753,13,38,34.575471698113205,34.77358490566038,-117.4,-117.2,34.674528301886795,-117.30000000000001,True
754,13,39,34.575471698113205,34.77358490566038,-117.2,-117.0,34.674528301886795,-117.1,True
755,13,40,34.575471698113205,34.77358490566038,-117.0,-116.8,34.674528301886795,-116.9,True
756,13,41,34.575471698113205,34.77358490566038,-116.8,-116.6,34.674528301886795,-116.69999999999999,True
757,13,42,34.575471698113205,34.77358490566038,-116.6,-116.4,34.674528301886795,-116.5,True
758,13,43,34.575471698113205,34.77358490566038,-116.4,-116.2,34.674528301886795,-116.30000000000001,True
759,13,44,34.575471698113205,34.77358490566038,-116.2,-116.0,34.674528301886795,-116.1,True
760,13,45,34.575471698113205,34.77358490566038,-116.0,-115.8,34.674528301886795,-115.9,True
761,13,46,34.575471698113205,34.77358490566038,-115.8,-115.6,34.674528301886795,-115.69999999999999,True
762,13,47,34.575471698113205,34.77358490566038,-115.6,-115.4,34.674528301886795,-115.5,True
763,13,48,34.575471698113205,34.77358490566038,-115.4,-115.2,34.674528301886795,-115.30000000000001,True
764,13,49,34.575471698113205,34.77358490566038,-115.2,-115.0,34.674528301886795,-115.1,True
765,13,50,34.575471698113205,34.77358490566038,-115.0,-114.8,34.674528301886795,-114.9,True
766,13,51,34.575471698113205,34.77358490566038,-114.8,-114.6,34.674528301886795,-114.69999999999999,True
767,13,52,34.575471698113205,34.77358490566038,-114.6,-114.4,34.674528301886795,-114.5,True
791,14,21,34.77358490566038,34.971698113207545,-120.8,-120.6,34.87264150943396,-120.69999999999999,True
792,14,22,34.77358490566038,34.971698113207545,-120.6,-120.4,34.87264150943396,-120.5,True
793,14,23,34.77358490566038,34.971698113207545,-120.4,-120.2,34.87264150943396,-120.30000000000001,True
794,14,24,34.77358490566038,34.971698113207545,-120.2,-120.0,34.87264150943396,-120.1,True
795,14,25,34.77358490566038,34.971698113207545,-120.0,-119.8,34.87264150943396,-119.9,True
796,14,26,34.77358490566038,34.971698113207545,-119.8,-119.6,34.87264150943396,-119.69999999999999,True
797,14,27,34.77358490566038,34.971698113207545,-119.6,-119.4,34.87264150943396,-119.5,True
798,14,28,34.77358490566038,34.971698113207545,-119.4,-119.2,34.87264150943396,-119.30000000000001,True
799,14,29,34.77358490566038,34.971698113207545,-119.2,-119.0,34.87264150943396,-119.1,True
800,14,30,34.77358490566038,34.971698113207545,-119.0,-118.8,34.87264150943396,-118.9,True
801,14,31,34.77358490566038,34.971698113207545,-118.8,-118.6,34.87264150943396,-118.69999999999999,True
802,14,32,34.77358490566038,34.971698113207545,-118.6,-118.4,34.87264150943396,-118.5,True
803,14,33,34.77358490566038,34.971698113207545,-118.4,-118.2,34.87264150943396,-118.30000000000001,True
804,14,34,34.77358490566038,34.971698113207545,-118.2,-118.0,34.87264150943396,-118.1,True
805,14,35,34.77358490566038,34.971698113207545,-118.0,-117.8,34.87264150943396,-117.9,True
806,14,36,34.77358490566038,34.971698113207545,-117.8,-117.6,34.87264150943396,-117.69999999999999,True
807,14,37,34.77358490566038,34.971698113207545,-117.6,-117.4,34.87264150943396,-117.5,True
808,14,38,34.77358490566038,34.971698113207545,-117.4,-117.2,34.87264150943396,-117.30000000000001,True
809,14,39,34.77358490566038,34.971698113207545,-117.2,-117.0,34.87264150943396,-117.1,True
810,14,40,34.77358490566038,34.971698113207545,-117.0,-116.8,34.87264150943396,-116.9,True
811,14,41,34.77358490566038,34.971698113207545,-116.8,-116.6,34.87264150943396,-116.69999999999999,True
812,14,42,34.77358490566038,34.971698113207545,-116.6,-116.4,34.87264150943396,-116.5,True
813,14,43,34.77358490566038,34.971698113207545,-116.4,-116.2,34.87264150943396,-116.30000000000001,True
814,14,44,34.77358490566038,34.971698113207545,-116.2,-116.0,34.87264150943396,-116.1,True
815,14,45,34.77358490566038,34.971698113207545,-116.0,-115.8,34.87264150943396,-115.9,True
816,14,46,34.77358490566038,34.971698113207545,-115.8,-115.6,34.87264150943396,-115.69999999999999,True
817,14,47,34.77358490566038,34.971698113207545,-115.6,-115.4,34.87264150943396,-115.5,True
818,14,48,34.77358490566038,34.971698113207545,-115.4,-115.2,34.87264150943396,-115.30000000000001,True
819,14,49,34.77358490566038,34.971698113207545,-115.2,-115.0,34.87264150943396,-115.1,True
820,14,50,34.77358490566038,34.971698113207545,-115.0,-114.8,34.87264150943396,-114.9,True
821,14,51,34.77358490566038,34.971698113207545,-114.8,-114.6,34.87264150943396,-114.69999999999999,True
847,15,22,34.971698113207545,35.16981132075472,-120.6,-120.4,35.07075471698113,-120.5,True
848,15,23,34.971698113207545,35.16981132075472,-120.4,-120.2,35.07075471698113,-120.30000000000001,True
849,15,24,34.971698113207545,35.16981132075472,-120.2,-120.0,35.07075471698113,-120.1,True
850,15,25,34.971698113207545,35.16981132075472,-120.0,-119.8,35.07075471698113,-119.9,True
851,15,26,34.971698113207545,35.16981132075472,-119.8,-119.6,35.07075471698113,-119.69999999999999,True
852,15,27,34.971698113207545,35.16981132075472,-119.6,-119.4,35.07075471698113,-119.5,True
853,15,28,34.971698113207545,35.16981132075472,-119.4,-119.2,35.07075471698113,-119.30000000000001,True
854,15,29,34.971698113207545,35.16981132075472,-119.2,-119.0,35.07075471698113,-119.1,True
855,15,30,34.971698113207545,35.16981132075472,-119.0,-118.8,35.07075471698113,-118.9,True
856,15,31,34.971698113207545,35.16981132075472,-118.8,-118.6,35.07075471698113,-118.69999999999999,True
857,15,32,34.971698113207545,35.16981132075472,-118.6,-118.4,35.07075471698113,-118.5,True
858,15,33,34.971698113207545,35.16981132075472,-118.4,-118.2,35.07075471698113,-118.30000000000001,True
859,15,34,34.971698113207545,35.16981132075472,-118.2,-118.0,35.07075471698113,-118.1,True
860,15,35,34.971698113207545,35.16981132075472,-118.0,-117.8,35.07075471698113,-117.9,True
861,15,36,34.971698113207545,35.16981132075472,-117.8,-117.6,35.07075471698113,-117.69999999999999,True
862,15,37,34.971698113207545,35.16981132075472,-117.6,-117.4,35.07075471698113,-117.5,True
863,15,38,34.971698113207545,35.16981132075472,-117.4,-117.2,35.07075471698113,-117.30000000000001,True
864,15,39,34.971698113207545,35.16981132075472,-117.2,-117.0,35.07075471698113,-117.1,True
865,15,40,34.971698113207545,35.16981132075472,-117.0,-116.8,35.07075471698113,-116.9,True
866,15,41,34.971698113207545,35.16981132075472,-116.8,-116.6,35.07075471698113,-116.69999999999999,True
867,15,42,34.971698113207545,35.16981132075472,-116.6,-116.4,35.07075471698113,-116.5,True
868,15,43,34.971698113207545,35.16981132075472,-116.4,-116.2,35.07075471698113,-116.30000000000001,True
869,15,44,34.971698113207545,35.16981132075472,-116.2,-116.0,35.07075471698113,-116.1,True
870,15,45,34.971698113207545,35.16981132075472,-116.0,-115.8,35.07075471698113,-115.9,True
871,15,46,34.971698113207545,35.16981132075472,-115.8,-115.6,35.07075471698113,-115.69999999999999,True
872,15,47,34.971698113207545,35.16981132075472,-115.6,-115.4,35.07075471698113,-115.5,True
873,15,48,34.971698113207545,35.16981132075472,-115.4,-115.2,35.07075471698113,-115.30000000000001,True
874,15,49,34.971698113207545,35.16981132075472,-115.2,-115.0,35.07075471698113,-115.1,True
875,15,50,34.971698113207545,35.16981132075472,-115.0,-114.8,35.07075471698113,-114.9,True
900,16,20,35.16981132075472,35.367924528301884,-121.0,-120.8,35.2688679245283,-120.9,True
901,16,21,35.16981132075472,35.367924528301884,-120.8,-120.6,35.2688679245283,-120.69999999999999,True
902,16,22,35.16981132075472,35.367924528301884,-120.6,-120.4,35.2688679245283,-120.5,True
903,16,23,35.16981132075472,35.367924528301884,-120.4,-120.2,35.2688679245283,-120.30000000000001,True
904,16,24,35.16981132075472,35.367924528301884,-120.2,-120.0,35.2688679245283,-120.1,True
905,16,25,35.16981132075472,35.367924528301884,-120.0,-119.8,35.2688679245283,-119.9,True
906,16,26,35.16981132075472,35.367924528301884,-119.8,-119.6,35.2688679245283,-119.69999999999999,True
907,16,27,35.16981132075472,35.367924528301884,-119.6,-119.4,35.2688679245283,-119.5,True
908,16,28,35.16981132075472,35.367924528301884,-119.4,-119.2,35.2688679245283,-119.30000000000001,True
909,16,29,35.16981132075472,35.367924528301884,-119.2,-119.0,35.2688679245283,-119.1,True
910,16,30,35.16981132075472,35.367924528301884,-119.0,-118.8,35.2688679245283,-118.9,True
911,16,31,35.16981132075472,35.367924528301884,-118.8,-118.6,35.2688679245283,-118.69999999999999,True
912,16,32,35.16981132075472,35.367924528301884,-118.6,-118.4,35.2688679245283,-118.5,True
913,16,33,35.16981132075472,35.367924528301884,-118.4,-118.2,35.2688679245283,-118.30000000000001,True
914,16,34,35.16981132075472,35.367924528301884,-118.2,-118.0,35.2688679245283,-118.1,True
915,16,35,35.16981132075472,35.367924528301884,-118.0,-117.8,35.2688679245283,-117.9,True
916,16,36,35.16981132075472,35.367924528301884,-117.8,-117.6,35.2688679245283,-117.69999999999999,True
917,16,37,35.16981132075472,35.367924528301884,-117.6,-117.4,35.2688679245283,-117.5,True
918,16,38,35.16981132075472,35.367924528301884,-117.4,-117.2,35.2688679245283,-117.30000000000001,True
919,16,39,35.16981132075472,35.367924528301884,-117.2,-117.0,35.2688679245283,-117.1,True
920,16,40,35.16981132075472,35.367924528301884,-117.0,-116.8,35.2688679245283,-116.9,True
921,16,41,35.16981132075472,35.367924528301884,-116.8,-116.6,35.2688679245283,-116.69999999999999,True
922,16,42,35.16981132075472,35.367924528301884,-116.6,-116.4,35.2688679245283,-116.5,True
923,16,43,35.16981132075472,35.367924528301884,-116.4,-116.2,35.2688679245283,-116.30000000000001,True
924,16,44,35.16981132075472,35.367924528301884,-116.2,-116.0,35.2688679245283,-116.1,True
925,16,45,35.16981132075472,35.367924528301884,-116.0,-115.8,35.2688679245283,-115.9,True
926,16,46,35.16981132075472,35.367924528301884,-115.8,-115.6,35.2688679245283,-115.69999999999999,True
927,16,47,35.16981132075472,35.367924528301884,-115.6,-115.4,35.2688679245283,-115.5,True
928,16,48,35.16981132075472,35.367924528301884,-115.4,-115.2,35.2688679245283,-115.30000000000001,True
929,16,49,35.16981132075472,35.367924528301884,-115.2,-115.0,35.2688679245283,-115.1,True
955,17,20,35.367924528301884,35.56603773584906,-121.0,-120.8,35.466981132075475,-120.9,True
956,17,21,35.367924528301884,35.56603773584906,-120.8,-120.6,35.466981132075475,-120.69999999999999,True
957,17,22,35.367924528301884,35.56603773584906,-120.6,-120.4,35.466981132075475,-120.5,True
958,17,23,35.367924528301884,35.56603773584906,-120.4,-120.2,35.466981132075475,-120.30000000000001,True
959,17,24,35.367924528301884,35.56603773584906,-120.2,-120.0,35.466981132075475,-120.1,True
960,17,25,35.367924528301884,35.56603773584906,-120.0,-119.8,35.466981132075475,-119.9,True
961,17,26,35.367924528301884,35.56603773584906,-119.8,-119.6,35.466981132075475,-119.69999999999999,True
962,17,27,35.367924528301884,35.56603773584906,-119.6,-119.4,35.466981132075475,-119.5,True
963,17,28,35.367924528301884,35.56603773584906,-119.4,-119.2,35.466981132075475,-119.30000000000001,True
964,17,29,35.367924528301884,35.56603773584906,-119.2,-119.0,35.466981132075475,-119.1,True
965,17,30,35.367924528301884,35.56603773584906,-119.0,-118.8,35.466981132075475,-118.9,True
966,17,31,35.367924528301884,35.56603773584906,-118.8,-118.6,35.466981132075475,-118.69999999999999,True
967,17,32,35.367924528301884,35.56603773584906,-118.6,-118.4,35.466981132075475,-118.5,True
968,17,33,35.367924528301884,35.56603773584906,-118.4,-118.2,35.466981132075475,-118.30000000000001,True
969,17,34,35.367924528301884,35.56603773584906,-118.2,-118.0,35.466981132075475,-118.1,True
970,17,35,35.367924528301884,35.56603773584906,-118.0,-117.8,35.466981132075475,-117.9,True
971,17,36,35.367924528301884,35.56603773584906,-117.8,-117.6,35.466981132075475,-117.69999999999999,True
972,17,37,35.367924528301884,35.56603773584906,-117.6,-117.4,35.466981132075475,-117.5,True
973,17,38,35.367924528301884,35.56603773584906,-117.4,-117.2,35.466981132075475,-117.30000000000001,True
974,17,39,35.367924528301884,35.56603773584906,-117.2,-117.0,35.466981132075475,-117.1,True
975,17,40,35.367924528301884,35.56603773584906,-117.0,-116.8,35.466981132075475,-116.9,True
976,17,41,35.367924528301884,35.56603773584906,-116.8,-116.6,35.466981132075475,-116.69999999999999,True
977,17,42,35.367924528301884,35.56603773584906,-116.6,-116.4,35.466981132075475,-116.5,True
978,17,43,35.367924528301884,35.56603773584906,-116.4,-116.2,35.466981132075475,-116.30000000000001,True
979,17,44,35.367924528301884,35.56603773584906,-116.2,-116.0,35.466981132075475,-116.1,True
980,17,45,35.367924528301884,35.56603773584906,-116.0,-115.8,35.466981132075475,-115.9,True
981,17,46,35.367924528301884,35.56603773584906,-115.8,-115.6,35.466981132075475,-115.69999999999999,True
982,17,47,35.367924528301884,35.56603773584906,-115.6,-115.4,35.466981132075475,-115.5,True
983,17,48,35.367924528301884,35.56603773584906,-115.4,-115.2,35.466981132075475,-115.30000000000001,True
1008,18,18,35.56603773584906,35.764150943396224,-121.4,-121.2,35.66509433962264,-121.30000000000001,True
1009,18,19,35.56603773584906,35.764150943396224,-121.2,-121.0,35.66509433962264,-121.1,True
1010,18,20,35.56603773584906,35.764150943396224,-121.0,-120.8,35.66509433962264,-120.9,True
1011,18,21,35.56603773584906,35.764150943396224,-120.8,-120.6,35.66509433962264,-120.69999999999999,True
1012,18,22,35.56603773584906,35.764150943396224,-120.6,-120.4,35.66509433962264,-120.5,True
1013,18,23,35.56603773584906,35.764150943396224,-120.4,-120.2,35.66509433962264,-120.30000000000001,True
1014,18,24,35.56603773584906,35.764150943396224,-120.2,-120.0,35.66509433962264,-120.1,True
1015,18,25,35.56603773584906,35.764150943396224,-120.0,-119.8,35.66509433962264,-119.9,True
1016,18,26,35.56603773584906,35.764150943396224,-119.8,-119.6,35.66509433962264,-119.69999999999999,True
1017,18,27,35.56603773584906,35.764150943396224,-119.6,-119.4,35.66509433962264,-119.5,True
1018,18,28,35.56603773584906,35.764150943396224,-119.4,-119.2,35.66509433962264,-119.30000000000001,True
1019,18,29,35.56603773584906,35.764150943396224,-119.2,-119.0,35.66509433962264,-119.1,True
1020,18,30,35.56603773584906,35.764150943396224,-119.0,-118.8,35.66509433962264,-118.9,True
1021,18,31,35.56603773584906,35.764150943396224,-118.8,-118.6,35.66509433962264,-118.69999999999999,True
1022,18,32,35.56603773584906,35.764150943396224,-118.6,-118.4,35.66509433962264,-118.5,True
1023,18,33,35.56603773584906,35.764150943396224,-118.4,-118.2,35.66509433962264,-118.30000000000001,True
1024,18,34,35.56603773584906,35.764150943396224,-118.2,-118.0,35.66509433962264,-118.1,True
1025,18,35,35.56603773584906,35.764150943396224,-118.0,-117.8,35.66509433962264,-117.9,True
1026,18,36,35.56603773584906,35.764150943396224,-117.8,-117.6,35.66509433962264,-117.69999999999999,True
1027,18,37,35.56603773584906,35.764150943396224,-117.6,-117.4,35.66509433962264,-117.5,True
1028,18,38,35.56603773584906,35.764150943396224,-117.4,-117.2,35.66509433962264,-117.30000000000001,True
1029,18,39,35.56603773584906,35.764150943396224,-117.2,-117.0,35.66509433962264,-117.1,True
1030,18,40,35.56603773584906,35.764150943396224,-117.0,-116.8,35.66509433962264,-116.9,True
1031,18,41,35.56603773584906,35.764150943396224,-116.8,-116.6,35.66509433962264,-116.69999999999999,True
1032,18,42,35.56603773584906,35.764150943396224,-116.6,-116.4,35.66509433962264,-116.5,True
1033,18,43,35.56603773584906,35.764150943396224,-116.4,-116.2,35.66509433962264,-116.30000000000001,True
1034,18,44,35.56603773584906,35.764150943396224,-116.2,-116.0,35.66509433962264,-116.1,True
1035,18,45,35.56603773584906,35.764150943396224,-116.0,-115.8,35.66509433962264,-115.9,True
1036,18,46,35.56603773584906,35.764150943396224,-115.8,-115.6,35.66509433962264,-115.69999999999999,True
1037,18,47,35.56603773584906,35.764150943396224,-115.6,-115.4,35.66509433962264,-115.5,True
1062,19,17,35.764150943396224,35.9622641509434,-121.6,-121.4,35.86320754716981,-121.5,True
1063,19,18,35.764150943396224,35.9622641509434,-121.4,-121.2,35.86320754716981,-121.30000000000001,True
1064,19,19,35.764150943396224,35.9622641509434,-121.2,-121.0,35.86320754716981,-121.1,True
1065,19,20,35.764150943396224,35.9622641509434,-121.0,-120.8,35.86320754716981,-120.9,True
1066,19,21,35.764150943396224,35.9622641509434,-120.8,-120.6,35.86320754716981,-120.69999999999999,True
1067,19,22,35.764150943396224,35.9622641509434,-120.6,-120.4,35.86320754716981,-120.5,True
1068,19,23,35.764150943396224,35.9622641509434,-120.4,-120.2,35.86320754716981,-120.30000000000001,True
1069,19,24,35.764150943396224,35.9622641509434,-120.2,-120.0,35.86320754716981,-120.1,True
1070,19,25,35.764150943396224,35.9622641509434,-120.0,-119.8,35.86320754716981,-119.9,True
1071,19,26,35.764150943396224,35.9622641509434,-119.8,-119.6,35.86320754716981,-119.69999999999999,True
1072,19,27,35.764150943396224,35.9622641509434,-119.6,-119.4,35.86320754716981,-119.5,True
1073,19,28,35.764150943396224,35.9622641509434,-119.4,-119.2,35.86320754716981,-119.30000000000001,True
1074,19,29,35.764150943396224,35.9622641509434,-119.2,-119.0,35.86320754716981,-119.1,True
1075,19,30,35.764150943396224,35.9622641509434,-119.0,-118.8,35.86320754716981,-118.9,True
1076,19,31,35.764150943396224,35.9622641509434,-118.8,-118.6,35.86320754716981,-118.69999999999999,True
1077,19,32,35.764150943396224,35.9622641509434,-118.6,-118.4,35.86320754716981,-118.5,True
1078,19,33,35.764150943396224,35.9622641509434,-118.4,-118.2,35.86320754716981,-118.30000000000001,True
1079,19,34,35.764150943396224,35.9622641509434,-118.2,-118.0,35.86320754716981,-118.1,True
1080,19,35,35.764150943396224,35.9622641509434,-118.0,-117.8,35.86320754716981,-117.9,True
1081,19,36,35.764150943396224,35.9622641509434,-117.8,-117.6,35.86320754716981,-117.69999999999999,True
1082,19,37,35.764150943396224,35.9622641509434,-117.6,-117.4,35.86320754716981,-117.5,True
1083,19,38,35.764150943396224,35.9622641509434,-117.4,-117.2,35.86320754716981,-117.30000000000001,True
1084,19,39,35.764150943396224,35.9622641509434,-117.2,-117.0,35.86320754716981,-117.1,True
1085,19,40,35.764150943396224,35.9622641509434,-117.0,-116.8,35.86320754716981,-116.9,True
1086,19,41,35.764150943396224,35.9622641509434,-116.8,-116.6,35.86320754716981,-116.69999999999999,True
1087,19,42,35.764150943396224,35.9622641509434,-116.6,-116.4,35.86320754716981,-116.5,True
1088,19,43,35.764150943396224,35.9622641509434,-116.4,-116.2,35.86320754716981,-116.30000000000001,True
1089,19,44,35.764150943396224,35.9622641509434,-116.2,-116.0,35.86320754716981,-116.1,True
1090,19,45,35.764150943396224,35.9622641509434,-116.0,-115.8,35.86320754716981,-115.9,True
1117,20,17,35.9622641509434,36.160377358490564,-121.6,-121.4,36.06132075471698,-121.5,True
1118,20,18,35.9622641509434,36.160377358490564,-121.4,-121.2,36.06132075471698,-121.30000000000001,True
1119,20,19,35.9622641509434,36.160377358490564,-121.2,-121.0,36.06132075471698,-121.1,True
1120,20,20,35.9622641509434,36.160377358490564,-121.0,-120.8,36.06132075471698,-120.9,True
1121,20,21,35.9622641509434,36.160377358490564,-120.8,-120.6,36.06132075471698,-120.69999999999999,True
1122,20,22,35.9622641509434,36.160377358490564,-120.6,-120.4,36.06132075471698,-120.5,True
1123,20,23,35.9622641509434,36.160377358490564,-120.4,-120.2,36.06132075471698,-120.30000000000001,True
1124,20,24,35.9622641509434,36.160377358490564,-120.2,-120.0,36.06132075471698,-120.1,True
1125,20,25,35.9622641509434,36.160377358490564,-120.0,-119.8,36.06132075471698,-119.9,True
1126,20,26,35.9622641509434,36.160377358490564,-119.8,-119.6,36.06132075471698,-119.69999999999999,True
1127,20,27,35.9622641509434,36.160377358490564,-119.6,-119.4,36.06132075471698,-119.5,True
1128,20,28,35.9622641509434,36.160377358490564,-119.4,-119.2,36.06132075471698,-119.30000000000001,True
1129,20,29,35.9622641509434,36.160377358490564,-119.2,-119.0,36.06132075471698,-119.1,True
1130,20,30,35.9622641509434,36.160377358490564,-119.0,-118.8,36.06132075471698,-118.9,True
1131,20,31,35.9622641509434,36.160377358490564,-118.8,-118.6,36.06132075471698,-118.69999999999999,True
1132,20,32,35.9622641509434,36.160377358490564,-118.6,-118.4,36.06132075471698,-118.5,True
1133,20,33,35.9622641509434,36.160377358490564,-118.4,-118.2,36.06132075471698,-118.30000000000001,True
1134,20,34,35.9622641509434,36.160377358490564,-118.2,-118.0,36.06132075471698,-118.1,True
1135,20,35,35.9622641509434,36.160377358490564,-118.0,-117.8,36.06132075471698,-117.9,True
1136,20,36,35.9622641509434,36.160377358490564,-117.8,-117.6,36.06132075471698,-117.69999999999999,True
1137,20,37,35.9622641509434,36.160377358490564,-117.6,-117.4,36.06132075471698,-117.5,True
1138,20,38,35.9622641509434,36.160377358490564,-117.4,-117.2,36.06132075471698,-117.30000000000001,True
1139,20,39,35.9622641509434,36.160377358490564,-117.2,-117.0,36.06132075471698,-117.1,True
1140,20,40,35.9622641509434,36.160377358490564,-117.0,-116.8,36.06132075471698,-116.9,True
1141,20,41,35.9622641509434,36.160377358490564,-116.8,-116.6,36.06132075471698,-116.69999999999999,True
1142,20,42,35.9622641509434,36.160377358490564,-116.6,-116.4,36.06132075471698,-116.5,True
1143,20,43,35.9622641509434,36.160377358490564,-116.4,-116.2,36.06132075471698,-116.30000000000001,True
1144,20,44,35.9622641509434,36.160377358490564,-116.2,-116.0,36.06132075471698,-116.1,True
1170,21,15,36.160377358490564,36.35849056603774,-122.0,-121.8,36.259433962264154,-121.9,True
1171,21,16,36.160377358490564,36.35849056603774,-121.8,-121.6,36.259433962264154,-121.69999999999999,True
1172,21,17,36.160377358490564,36.35849056603774,-121.6,-121.4,36.259433962264154,-121.5,True
1173,21,18,36.160377358490564,36.35849056603774,-121.4,-121.2,36.259433962264154,-121.30000000000001,True
1174,21,19,36.160377358490564,36.35849056603774,-121.2,-121.0,36.259433962264154,-121.1,True
1175,21,20,36.160377358490564,36.35849056603774,-121.0,-120.8,36.259433962264154,-120.9,True
1176,21,21,36.160377358490564,36.35849056603774,-120.8,-120.6,36.259433962264154,-120.69999999999999,True
1177,21,22,36.160377358490564,36.35849056603774,-120.6,-120.4,36.259433962264154,-120.5,True
1178,21,23,36.160377358490564,36.35849056603774,-120.4,-120.2,36.259433962264154,-120.30000000000001,True
1179,21,24,36.160377358490564,36.35849056603774,-120.2,-120.0,36.259433962264154,-120.1,True
1180,21,25,36.160377358490564,36.35849056603774,-120.0,-119.8,36.259433962264154,-119.9,True
1181,21,26,36.160377358490564,36.35849056603774,-119.8,-119.6,36.259433962264154,-119.69999999999999,True
1182,21,27,36.160377358490564,36.35849056603774,-119.6,-119.4,36.259433962264154,-119.5,True
1183,21,28,36.160377358490564,36.35849056603774,-119.4,-119.2,36.259433962264154,-119.30000000000001,True
1184,21,29,36.160377358490564,36.35849056603774,-119.2,-119.0,36.259433962264154,-119.1,True
1185,21,30,36.160377358490564,36.35849056603774,-119.0,-118.8,36.259433962264154,-118.9,True
1186,21,31,36.160377358490564,36.35849056603774,-118.8,-118.6,36.259433962264154,-118.69999999999999,True
1187,21,32,36.160377358490564,36.35849056603774,-118.6,-118.4,36.259433962264154,-118.5,True
1188,21,33,36.160377358490564,36.35849056603774,-118.4,-118.2,36.259433962264154,-118.30000000000001,True
1189,21,34,36.160377358490564,36.35849056603774,-118.2,-118.0,36.259433962264154,-118.1,True
1190,21,35,36.160377358490564,36.35849056603774,-118.0,-117.8,36.259433962264154,-117.9,True
1191,21,36,36.160377358490564,36.35849056603774,-117.8,-117.6,36.259433962264154,-117.69999999999999,True
1192,21,37,36.160377358490564,36.35849056603774,-117.6,-117.4,36.259433962264154,-117.5,True
1193,21,38,36.160377358490564,36.35849056603774,-117.4,-117.2,36.259433962264154,-117.30000000000001,True
1194,21,39,36.160377358490564,36.35849056603774,-117.2,-117.0,36.259433962264154,-117.1,True
1195,21,40,36.160377358490564,36.35849056603774,-117.0,-116.8,36.259433962264154,-116.9,True
1196,21,41,36.160377358490564,36.35849056603774,-116.8,-116.6,36.259433962264154,-116.69999999999999,True
1197,21,42,36.160377358490564,36.35849056603774,-116.6,-116.4,36.259433962264154,-116.5,True
1198,21,43,36.160377358490564,36.35849056603774,-116.4,-116.2,36.259433962264154,-116.30000000000001,True
1225,22,15,36.35849056603774,36.556603773584904,-122.0,-121.8,36.45754716981132,-121.9,True
1226,22,16,36.35849056603774,36.556603773584904,-121.8,-121.6,36.45754716981132,-121.69999999999999,True
1227,22,17,36.35849056603774,36.556603773584904,-121.6,-121.4,36.45754716981132,-121.5,True
1228,22,18,36.35849056603774,36.556603773584904,-121.4,-121.2,36.45754716981132,-121.30000000000001,True
1229,22,19,36.35849056603774,36.556603773584904,-121.2,-121.0,36.45754716981132,-121.1,True
1230,22,20,36.35849056603774,36.556603773584904,-121.0,-120.8,36.45754716981132,-120.9,True
1231,22,21,36.35849056603774,36.556603773584904,-120.8,-120.6,36.45754716981132,-120.69999999999999,True
1232,22,22,36.35849056603774,36.556603773584904,-120.6,-120.4,36.45754716981132,-120.5,True
1233,22,23,36.35849056603774,36.556603773584904,-120.4,-120.2,36.45754716981132,-120.30000000000001,True
1234,22,24,36.35849056603774,36.556603773584904,-120.2,-120.0,36.45754716981132,-120.1,True
1235,22,25,36.35849056603774,36.556603773584904,-120.0,-119.8,36.45754716981132,-119.9,True
1236,22,26,36.35849056603774,36.556603773584904,-119.8,-119.6,36.45754716981132,-119.69999999999999,True
1237,22,27,36.35849056603774,36.556603773584904,-119.6,-119.4,36.45754716981132,-119.5,True
1238,22,28,36.35849056603774,36.556603773584904,-119.4,-119.2,36.45754716981132,-119.30000000000001,True
1239,22,29,36.35849056603774,36.556603773584904,-119.2,-119.0,36.45754716981132,-119.1,True
1240,22,30,36.35849056603774,36.556603773584904,-119.0,-118.8,36.45754716981132,-118.9,True
1241,22,31,36.35849056603774,36.556603773584904,-118.8,-118.6,36.45754716981132,-118.69999999999999,True
1242,22,32,36.35849056603774,36.556603773584904,-118.6,-118.4,36.45754716981132,-118.5,True
1243,22,33,36.35849056603774,36.556603773584904,-118.4,-118.2,36.45754716981132,-118.30000000000001,True
1244,22,34,36.35849056603774,36.556603773584904,-118.2,-118.0,36.45754716981132,-118.1,True
1245,22,35,36.35849056603774,36.556603773584904,-118.0,-117.8,36.45754716981132,-117.9,True
1246,22,36,36.35849056603774,36.556603773584904,-117.8,-117.6,36.45754716981132,-117.69999999999999,True
1247,22,37,36.35849056603774,36.556603773584904,-117.6,-117.4,36.45754716981132,-117.5,True
1248,22,38,36.35849056603774,36.556603773584904,-117.4,-117.2,36.45754716981132,-117.30000000000001,True
1249,22,39,36.35849056603774,36.556603773584904,-117.2,-117.0,36.45754716981132,-117.1,True
1250,22,40,36.35849056603774,36.556603773584904,-117.0,-116.8,36.45754716981132,-116.9,True
1251,22,41,36.35849056603774,36.556603773584904,-116.8,-116.6,36.45754716981132,-116.69999999999999,True
1252,22,42,36.35849056603774,36.556603773584904,-116.6,-116.4,36.45754716981132,-116.5,True
1280,23,15,36.556603773584904,36.75471698113208,-122.0,-121.8,36.65566037735849,-121.9,True
1281,23,16,36.556603773584904,36.75471698113208,-121.8,-121.6,36.65566037735849,-121.69999999999999,True
1282,23,17,36.556603773584904,36.75471698113208,-121.6,-121.4,36.65566037735849,-121.5,True
1283,23,18,36.556603773584904,36.75471698113208,-121.4,-121.2,36.65566037735849,-121.30000000000001,True
1284,23,19,36.556603773584904,36.75471698113208,-121.2,-121.0,36.65566037735849,-121.1,True
1285,23,20,36.556603773584904,36.75471698113208,-121.0,-120.8,36.65566037735849,-120.9,True
1286,23,21,36.556603773584904,36.75471698113208,-120.8,-120.6,36.65566037735849,-120.69999999999999,True
1287,23,22,36.556603773584904,36.75471698113208,-120.6,-120.4,36.65566037735849,-120.5,True
1288,23,23,36.556603773584904,36.75471698113208,-120.4,-120.2,36.65566037735849,-120.30000000000001,True
1289,23,24,36.556603773584904,36.75471698113208,-120.2,-120.0,36.65566037735849,-120.1,True
1290,23,25,36.556603773584904,36.75471698113208,-120.0,-119.8,36.65566037735849,-119.9,True
1291,23,26,36.556603773584904,36.75471698113208,-119.8,-119.6,36.65566037735849,-119.69999999999999,True
1292,23,27,36.556603773584904,36.75471698113208,-119.6,-119.4,36.65566037735849,-119.5,True
1293,23,28,36.556603773584904,36.75471698113208,-119.4,-119.2,36.65566037735849,-119.30000000000001,True
1294,23,29,36.556603773584904,36.75471698113208,-119.2,-119.0,36.65566037735849,-119.1,True
1295,23,30,36.556603773584904,36.75471698113208,-119.0,-118.8,36.65566037735849,-118.9,True
1296,23,31,36.556603773584904,36.75471698113208,-118.8,-118.6,36.65566037735849,-118.69999999999999,True
1297,23,32,36.556603773584904,36.75471698113208,-118.6,-118.4,36.65566037735849,-118.5,True
1298,23,33,36.556603773584904,36.75471698113208,-118.4,-118.2,36.65566037735849,-118.30000000000001,True
1299,23,34,36.556603773584904,36.75471698113208,-118.2,-118.0,36.65566037735849,-118.1,True
1300,23,35,36.556603773584904,36.75471698113208,-118.0,-117.8,36.65566037735849,-117.9,True
1301,23,36,36.556603773584904,36.75471698113208,-117.8,-117.6,36.65566037735849,-117.69999999999999,True
1302,23,37,36.556603773584904,36.75471698113208,-117.6,-117.4,36.65566037735849,-117.5,True
1303,23,38,36.556603773584904,36.75471698113208,-117.4,-117.2,36.65566037735849,-117.30000000000001,True
1304,23,39,36.556603773584904,36.75471698113208,-117.2,-117.0,36.65566037735849,-117.1,True
1305,23,40,36.556603773584904,36.75471698113208,-117.0,-116.8,36.65566037735849,-116.9,True
1335,24,15,36.75471698113208,36.95283018867924,-122.0,-121.8,36.85377358490566,-121.9,True
1336,24,16,36.75471698113208,36.95283018867924,-121.8,-121.6,36.85377358490566,-121.69999999999999,True
1337,24,17,36.75471698113208,36.95283018867924,-121.6,-121.4,36.85377358490566,-121.5,True
1338,24,18,36.75471698113208,36.95283018867924,-121.4,-121.2,36.85377358490566,-121.30000000000001,True
1339,24,19,36.75471698113208,36.95283018867924,-121.2,-121.0,36.85377358490566,-121.1,True
1340,24,20,36.75471698113208,36.95283018867924,-121.0,-120.8,36.85377358490566,-120.9,True
1341,24,21,36.75471698113208,36.95283018867924,-120.8,-120.6,36.85377358490566,-120.69999999999999,True
1342,24,22,36.75471698113208,36.95283018867924,-120.6,-120.4,36.85377358490566,-120.5,True
1343,24,23,36.75471698113208,36.95283018867924,-120.4,-120.2,36.85377358490566,-120.30000000000001,True
1344,24,24,36.75471698113208,36.95283018867924,-120.2,-120.0,36.85377358490566,-120.1,True
1345,24,25,36.75471698113208,36.95283018867924,-120.0,-119.8,36.85377358490566,-119.9,True
1346,24,26,36.75471698113208,36.95283018867924,-119.8,-119.6,36.85377358490566,-119.69999999999999,True
1347,24,27,36.75471698113208,36.95283018867924,-119.6,-119.4,36.85377358490566,-119.5,True
1348,24,28,36.75471698113208,36.95283018867924,-119.4,-119.2,36.85377358490566,-119.30000000000001,True
1349,24,29,36.75471698113208,36.95283018867924,-119.2,-119.0,36.85377358490566,-119.1,True
1350,24,30,36.75471698113208,36.95283018867924,-119.0,-118.8,36.85377358490566,-118.9,True
1351,24,31,36.75471698113208,36.95283018867924,-118.8,-118.6,36.85377358490566,-118.69999999999999,True
1352,24,32,36.75471698113208,36.95283018867924,-118.6,-118.4,36.85377358490566,-118.5,True
1353,24,33,36.75471698113208,36.95283018867924,-118.4,-118.2,36.85377358490566,-118.30000000000001,True
1354,24,34,36.75471698113208,36.95283018867924,-118.2,-118.0,36.85377358490566,-118.1,True
1355,24,35,36.75471698113208,36.95283018867924,-118.0,-117.8,36.85377358490566,-117.9,True
1356,24,36,36.75471698113208,36.95283018867924,-117.8,-117.6,36.85377358490566,-117.69999999999999,True
1357,24,37,36.75471698113208,36.95283018867924,-117.6,-117.4,36.85377358490566,-117.5,True
1358,24,38,36.75471698113208,36.95283018867924,-117.4,-117.2,36.85377358490566,-117.30000000000001,True
1359,24,39,36.75471698113208,36.95283018867924,-117.2,-117.0,36.85377358490566,-117.1,True
1388,25,13,36.95283018867924,37.15094339622642,-122.4,-122.2,37.051886792452834,-122.30000000000001,True
1389,25,14,36.95283018867924,37.15094339622642,-122.2,-122.0,37.051886792452834,-122.1,True
1390,25,15,36.95283018867924,37.15094339622642,-122.0,-121.8,37.051886792452834,-121.9,True
1391,25,16,36.95283018867924,37.15094339622642,-121.8,-121.6,37.051886792452834,-121.69999999999999,True
1392,25,17,36.95283018867924,37.15094339622642,-121.6,-121.4,37.051886792452834,-121.5,True
1393,25,18,36.95283018867924,37.15094339622642,-121.4,-121.2,37.051886792452834,-121.30000000000001,True
1394,25,19,36.95283018867924,37.15094339622642,-121.2,-121.0,37.051886792452834,-121.1,True
1395,25,20,36.95283018867924,37.15094339622642,-121.0,-120.8,37.051886792452834,-120.9,True
1396,25,21,36.95283018867924,37.15094339622642,-120.8,-120.6,37.051886792452834,-120.69999999999999,True
1397,25,22,36.95283018867924,37.15094339622642,-120.6,-120.4,37.051886792452834,-120.5,True
1398,25,23,36.95283018867924,37.15094339622642,-120.4,-120.2,37.051886792452834,-120.30000000000001,True
1399,25,24,36.95283018867924,37.15094339622642,-120.2,-120.0,37.051886792452834,-120.1,True
1400,25,25,36.95283018867924,37.15094339622642,-120.0,-119.8,37.051886792452834,-119.9,True
1401,25,26,36.95283018867924,37.15094339622642,-119.8,-119.6,37.051886792452834,-119.69999999999999,True
1402,25,27,36.95283018867924,37.15094339622642,-119.6,-119.4,37.051886792452834,-119.5,True
1403,25,28,36.95283018867924,37.15094339622642,-119.4,-119.2,37.051886792452834,-119.30000000000001,True
1404,25,29,36.95283018867924,37.15094339622642,-119.2,-119.0,37.051886792452834,-119.1,True
1405,25,30,36.95283018867924,37.15094339622642,-119.0,-118.8,37.051886792452834,-118.9,True
1406,25,31,36.95283018867924,37.15094339622642,-118.8,-118.6,37.051886792452834,-118.69999999999999,True
1407,25,32,36.95283018867924,37.15094339622642,-118.6,-118.4,37.051886792452834,-118.5,True
1408,25,33,36.95283018867924,37.15094339622642,-118.4,-118.2,37.051886792452834,-118.30000000000001,True
1409,25,34,36.95283018867924,37.15094339622642,-118.2,-118.0,37.051886792452834,-118.1,True
1410,25,35,36.95283018867924,37.15094339622642,-118.0,-117.8,37.051886792452834,-117.9,True
1411,25,36,36.95283018867924,37.15094339622642,-117.8,-117.6,37.051886792452834,-117.69999999999999,True
1412,25,37,36.95283018867924,37.15094339622642,-117.6,-117.4,37.051886792452834,-117.5,True
1413,25,38,36.95283018867924,37.15094339622642,-117.4,-117.2,37.051886792452834,-117.30000000000001,True
1443,26,13,37.15094339622642,37.34905660377358,-122.4,-122.2,37.25,-122.30000000000001,True
1444,26,14,37.15094339622642,37.34905660377358,-122.2,-122.0,37.25,-122.1,True
1445,26,15,37.15094339622642,37.34905660377358,-122.0,-121.8,37.25,-121.9,True
1446,26,16,37.15094339622642,37.34905660377358,-121.8,-121.6,37.25,-121.69999999999999,True
1447,26,17,37.15094339622642,37.34905660377358,-121.6,-121.4,37.25,-121.5,True
1448,26,18,37.15094339622642,37.34905660377358,-121.4,-121.2,37.25,-121.30000000000001,True
1449,26,19,37.15094339622642,37.34905660377358,-121.2,-121.0,37.25,-121.1,True
1450,26,20,37.15094339622642,37.34905660377358,-121.0,-120.8,37.25,-120.9,True
1451,26,21,37.15094339622642,37.34905660377358,-120.8,-120.6,37.25,-120.69999999999999,True
1452,26,22,37.15094339622642,37.34905660377358,-120.6,-120.4,37.25,-120.5,True
1453,26,23,37.15094339622642,37.34905660377358,-120.4,-120.2,37.25,-120.30000000000001,True
1454,26,24,37.15094339622642,37.34905660377358,-120.2,-120.0,37.25,-120.1,True
1455,26,25,37.15094339622642,37.34905660377358,-120.0,-119.8,37.25,-119.9,True
1456,26,26,37.15094339622642,37.34905660377358,-119.8,-119.6,37.25,-119.69999999999999,True
1457,26,27,37.15094339622642,37.34905660377358,-119.6,-119.4,37.25,-119.5,True
1458,26,28,37.15094339622642,37.34905660377358,-119.4,-119.2,37.25,-119.30000000000001,True
1459,26,29,37.15094339622642,37.34905660377358,-119.2,-119.0,37.25,-119.1,True
1460,26,30,37.15094339622642,37.34905660377358,-119.0,-118.8,37.25,-118.9,True
1461,26,31,37.15094339622642,37.34905660377358,-118.8,-118.6,37.25,-118.69999999999999,True
1462,26,32,37.15094339622642,37.34905660377358,-118.6,-118.4,37.25,-118.5,True
1463,26,33,37.15094339622642,37.34905660377358,-118.4,-118.2,37.25,-118.30000000000001,True
1464,26,34,37.15094339622642,37.34905660377358,-118.2,-118.0,37.25,-118.1,True
1465,26,35,37.15094339622642,37.34905660377358,-118.0,-117.8,37.25,-117.9,True
1466,26,36,37.15094339622642,37.34905660377358,-117.8,-117.6,37.25,-117.69999999999999,True
1497,27,12,37.34905660377358,37.54716981132076,-122.6,-122.4,37.448113207547166,-122.5,True
1498,27,13,37.34905660377358,37.54716981132076,-122.4,-122.2,37.448113207547166,-122.30000000000001,True
1499,27,14,37.34905660377358,37.54716981132076,-122.2,-122.0,37.448113207547166,-122.1,True
1500,27,15,37.34905660377358,37.54716981132076,-122.0,-121.8,37.448113207547166,-121.9,True
1501,27,16,37.34905660377358,37.54716981132076,-121.8,-121.6,37.448113207547166,-121.69999999999999,True
1502,27,17,37.34905660377358,37.54716981132076,-121.6,-121.4,37.448113207547166,-121.5,True
1503,27,18,37.34905660377358,37.54716981132076,-121.4,-121.2,37.448113207547166,-121.30000000000001,True
1504,27,19,37.34905660377358,37.54716981132076,-121.2,-121.0,37.448113207547166,-121.1,True
1505,27,20,37.34905660377358,37.54716981132076,-121.0,-120.8,37.448113207547166,-120.9,True
1506,27,21,37.34905660377358,37.54716981132076,-120.8,-120.6,37.448113207547166,-120.69999999999999,True
1507,27,22,37.34905660377358,37.54716981132076,-120.6,-120.4,37.448113207547166,-120.5,True
1508,27,23,37.34905660377358,37.54716981132076,-120.4,-120.2,37.448113207547166,-120.30000000000001,True
1509,27,24,37.34905660377358,37.54716981132076,-120.2,-120.0,37.448113207547166,-120.1,True
1510,27,25,37.34905660377358,37.54716981132076,-120.0,-119.8,37.448113207547166,-119.9,True
1511,27,26,37.34905660377358,37.54716981132076,-119.8,-119.6,37.448113207547166,-119.69999999999999,True
1512,27,27,37.34905660377358,37.54716981132076,-119.6,-119.4,37.448113207547166,-119.5,True
1513,27,28,37.34905660377358,37.54716981132076,-119.4,-119.2,37.448113207547166,-119.30000000000001,True
1514,27,29,37.34905660377358,37.54716981132076,-119.2,-119.0,37.448113207547166,-119.1,True
1515,27,30,37.34905660377358,37.54716981132076,-119.0,-118.8,37.448113207547166,-118.9,True
1516,27,31,37.34905660377358,37.54716981132076,-118.8,-118.6,37.448113207547166,-118.69999999999999,True
1517,27,32,37.34905660377358,37.54716981132076,-118.6,-118.4,37.448113207547166,-118.5,True
1518,27,33,37.34905660377358,37.54716981132076,-118.4,-118.2,37.448113207547166,-118.30000000000001,True
1519,27,34,37.34905660377358,37.54716981132076,-118.2,-118.0,37.448113207547166,-118.1,True
1520,27,35,37.34905660377358,37.54716981132076,-118.0,-117.8,37.448113207547166,-117.9,True
1552,28,12,37.54716981132076,37.74528301886792,-122.6,-122.4,37.64622641509434,-122.5,True
1553,28,13,37.54716981132076,37.74528301886792,-122.4,-122.2,37.64622641509434,-122.30000000000001,True
1554,28,14,37.54716981132076,37.74528301886792,-122.2,-122.0,37.64622641509434,-122.1,True
1555,28,15,37.54716981132076,37.74528301886792,-122.0,-121.8,37.64622641509434,-121.9,True
1556,28,16,37.54716981132076,37.74528301886792,-121.8,-121.6,37.64622641509434,-121.69999999999999,True
1557,28,17,37.54716981132076,37.74528301886792,-121.6,-121.4,37.64622641509434,-121.5,True
1558,28,18,37.54716981132076,37.74528301886792,-121.4,-121.2,37.64622641509434,-121.30000000000001,True
1559,28,19,37.54716981132076,37.74528301886792,-121.2,-121.0,37.64622641509434,-121.1,True
1560,28,20,37.54716981132076,37.74528301886792,-121.0,-120.8,37.64622641509434,-120.9,True
1561,28,21,37.54716981132076,37.74528301886792,-120.8,-120.6,37.64622641509434,-120.69999999999999,True
1562,28,22,37.54716981132076,37.74528301886792,-120.6,-120.4,37.64622641509434,-120.5,True
1563,28,23,37.54716981132076,37.74528301886792,-120.4,-120.2,37.64622641509434,-120.30000000000001,True
1564,28,24,37.54716981132076,37.74528301886792,-120.2,-120.0,37.64622641509434,-120.1,True
1565,28,25,37.54716981132076,37.74528301886792,-120.0,-119.8,37.64622641509434,-119.9,True
1566,28,26,37.54716981132076,37.74528301886792,-119.8,-119.6,37.64622641509434,-119.69999999999999,True
1567,28,27,37.54716981132076,37.74528301886792,-119.6,-119.4,37.64622641509434,-119.5,True
1568,28,28,37.54716981132076,37.74528301886792,-119.4,-119.2,37.64622641509434,-119.30000000000001,True
1569,28,29,37.54716981132076,37.74528301886792,-119.2,-119.0,37.64622641509434,-119.1,True
1570,28,30,37.54716981132076,37.74528301886792,-119.0,-118.8,37.64622641509434,-118.9,True
1571,28,31,37.54716981132076,37.74528301886792,-118.8,-118.6,37.64622641509434,-118.69999999999999,True
1572,28,32,37.54716981132076,37.74528301886792,-118.6,-118.4,37.64622641509434,-118.5,True
1573,28,33,37.54716981132076,37.74528301886792,-118.4,-118.2,37.64622641509434,-118.30000000000001,True
1574,28,34,37.54716981132076,37.74528301886792,-118.2,-118.0,37.64622641509434,-118.1,True
1607,29,12,37.74528301886792,37.943396226415096,-122.6,-122.4,37.84433962264151,-122.5,True
1608,29,13,37.74528301886792,37.943396226415096,-122.4,-122.2,37.84433962264151,-122.30000000000001,True
1609,29,14,37.74528301886792,37.943396226415096,-122.2,-122.0,37.84433962264151,-122.1,True
1610,29,15,37.74528301886792,37.943396226415096,-122.0,-121.8,37.84433962264151,-121.9,True
1611,29,16,37.74528301886792,37.943396226415096,-121.8,-121.6,37.84433962264151,-121.69999999999999,True
1612,29,17,37.74528301886792,37.943396226415096,-121.6,-121.4,37.84433962264151,-121.5,True
1613,29,18,37.74528301886792,37.943396226415096,-121.4,-121.2,37.84433962264151,-121.30000000000001,True
1614,29,19,37.74528301886792,37.943396226415096,-121.2,-121.0,37.84433962264151,-121.1,True
1615,29,20,37.74528301886792,37.943396226415096,-121.0,-120.8,37.84433962264151,-120.9,True
1616,29,21,37.74528301886792,37.943396226415096,-120.8,-120.6,37.84433962264151,-120.69999999999999,True
1617,29,22,37.74528301886792,37.943396226415096,-120.6,-120.4,37.84433962264151,-120.5,True
1618,29,23,37.74528301886792,37.943396226415096,-120.4,-120.2,37.84433962264151,-120.30000000000001,True
1619,29,24,37.74528301886792,37.943396226415096,-120.2,-120.0,37.84433962264151,-120.1,True
1620,29,25,37.74528301886792,37.943396226415096,-120.0,-119.8,37.84433962264151,-119.9,True
1621,29,26,37.74528301886792,37.943396226415096,-119.8,-119.6,37.84433962264151,-119.69999999999999,True
1622,29,27,37.74528301886792,37.943396226415096,-119.6,-119.4,37.84433962264151,-119.5,True
1623,29,28,37.74528301886792,37.943396226415096,-119.4,-119.2,37.84433962264151,-119.30000000000001,True
1624,29,29,37.74528301886792,37.943396226415096,-119.2,-119.0,37.84433962264151,-119.1,True
1625,29,30,37.74528301886792,37.943396226415096,-119.0,-118.8,37.84433962264151,-118.9,True
1626,29,31,37.74528301886792,37.943396226415096,-118.8,-118.6,37.84433962264151,-118.69999999999999,True
1627,29,32,37.74528301886792,37.943396226415096,-118.6,-118.4,37.84433962264151,-118.5,True
1660,30,10,37.943396226415096,38.14150943396226,-123.0,-122.8,38.04245283018868,-122.9,True
1661,30,11,37.943396226415096,38.14150943396226,-122.8,-122.6,38.04245283018868,-122.69999999999999,True
1662,30,12,37.943396226415096,38.14150943396226,-122.6,-122.4,38.04245283018868,-122.5,True
1663,30,13,37.943396226415096,38.14150943396226,-122.4,-122.2,38.04245283018868,-122.30000000000001,True
1664,30,14,37.943396226415096,38.14150943396226,-122.2,-122.0,38.04245283018868,-122.1,True
1665,30,15,37.943396226415096,38.14150943396226,-122.0,-121.8,38.04245283018868,-121.9,True
1666,30,16,37.943396226415096,38.14150943396226,-121.8,-121.6,38.04245283018868,-121.69999999999999,True
1667,30,17,37.943396226415096,38.14150943396226,-121.6,-121.4,38.04245283018868,-121.5,True
1668,30,18,37.943396226415096,38.14150943396226,-121.4,-121.2,38.04245283018868,-121.30000000000001,True
1669,30,19,37.943396226415096,38.14150943396226,-121.2,-121.0,38.04245283018868,-121.1,True
1670,30,20,37.943396226415096,38.14150943396226,-121.0,-120.8,38.04245283018868,-120.9,True
1671,30,21,37.943396226415096,38.14150943396226,-120.8,-120.6,38.04245283018868,-120.69999999999999,True
1672,30,22,37.943396226415096,38.14150943396226,-120.6,-120.4,38.04245283018868,-120.5,True
1673,30,23,37.943396226415096,38.14150943396226,-120.4,-120.2,38.04245283018868,-120.30000000000001,True
1674,30,24,37.943396226415096,38.14150943396226,-120.2,-120.0,38.04245283018868,-120.1,True
1675,30,25,37.943396226415096,38.14150943396226,-120.0,-119.8,38.04245283018868,-119.9,True
1676,30,26,37.943396226415096,38.14150943396226,-119.8,-119.6,38.04245283018868,-119.69999999999999,True
1677,30,27,37.943396226415096,38.14150943396226,-119.6,-119.4,38.04245283018868,-119.5,True
1678,30,28,37.943396226415096,38.14150943396226,-119.4,-119.2,38.04245283018868,-119.30000000000001,True
1679,30,29,37.943396226415096,38.14150943396226,-119.2,-119.0,38.04245283018868,-119.1,True
1680,30,30,37.943396226415096,38.14150943396226,-119.0,-118.8,38.04245283018868,-118.9,True
1681,30,31,37.943396226415096,38.14150943396226,-118.8,-118.6,38.04245283018868,-118.69999999999999,True
1715,31,10,38.14150943396226,38.339622641509436,-123.0,-122.8,38.240566037735846,-122.9,True
1716,31,11,38.14150943396226,38.339622641509436,-122.8,-122.6,38.240566037735846,-122.69999999999999,True
1717,31,12,38.14150943396226,38.339622641509436,-122.6,-122.4,38.240566037735846,-122.5,True
1718,31,13,38.14150943396226,38.339622641509436,-122.4,-122.2,38.240566037735846,-122.30000000000001,True
1719,31,14,38.14150943396226,38.339622641509436,-122.2,-122.0,38.240566037735846,-122.1,True
1720,31,15,38.14150943396226,38.339622641509436,-122.0,-121.8,38.240566037735846,-121.9,True
1721,31,16,38.14150943396226,38.339622641509436,-121.8,-121.6,38.240566037735846,-121.69999999999999,True
1722,31,17,38.14150943396226,38.339622641509436,-121.6,-121.4,38.240566037735846,-121.5,True
1723,31,18,38.14150943396226,38.339622641509436,-121.4,-121.2,38.240566037735846,-121.30000000000001,True
1724,31,19,38.14150943396226,38.339622641509436,-121.2,-121.0,38.240566037735846,-121.1,True
1725,31,20,38.14150943396226,38.339622641509436,-121.0,-120.8,38.240566037735846,-120.9,True
1726,31,21,38.14150943396226,38.339622641509436,-120.8,-120.6,38.240566037735846,-120.69999999999999,True
1727,31,22,38.14150943396226,38.339622641509436,-120.6,-120.4,38.240566037735846,-120.5,True
1728,31,23,38.14150943396226,38.339622641509436,-120.4,-120.2,38.240566037735846,-120.30000000000001,True
1729,31,24,38.14150943396226,38.339622641509436,-120.2,-120.0,38.240566037735846,-120.1,True
1730,31,25,38.14150943396226,38.339622641509436,-120.0,-119.8,38.240566037735846,-119.9,True
1731,31,26,38.14150943396226,38.339622641509436,-119.8,-119.6,38.240566037735846,-119.69999999999999,True
1732,31,27,38.14150943396226,38.339622641509436,-119.6,-119.4,38.240566037735846,-119.5,True
1733,31,28,38.14150943396226,38.339622641509436,-119.4,-119.2,38.240566037735846,-119.30000000000001,True
1734,31,29,38.14150943396226,38.339622641509436,-119.2,-119.0,38.240566037735846,-119.1,True
1769,32,9,38.339622641509436,38.5377358490566,-123.2,-123.0,38.43867924528302,-123.1,True
1770,32,10,38.339622641509436,38.5377358490566,-123.0,-122.8,38.43867924528302,-122.9,True
1771,32,11,38.339622641509436,38.5377358490566,-122.8,-122.6,38.43867924528302,-122.69999999999999,True
1772,32,12,38.339622641509436,38.5377358490566,-122.6,-122.4,38.43867924528302,-122.5,True
1773,32,13,38.339622641509436,38.5377358490566,-122.4,-122.2,38.43867924528302,-122.30000000000001,True
1774,32,14,38.339622641509436,38.5377358490566,-122.2,-122.0,38.43867924528302,-122.1,True
1775,32,15,38.339622641509436,38.5377358490566,-122.0,-121.8,38.43867924528302,-121.9,True
1776,32,16,38.339622641509436,38.5377358490566,-121.8,-121.6,38.43867924528302,-121.69999999999999,True
1777,32,17,38.339622641509436,38.5377358490566,-121.6,-121.4,38.43867924528302,-121.5,True
1778,32,18,38.339622641509436,38.5377358490566,-121.4,-121.2,38.43867924528302,-121.30000000000001,True
1779,32,19,38.339622641509436,38.5377358490566,-121.2,-121.0,38.43867924528302,-121.1,True
1780,32,20,38.339622641509436,38.5377358490566,-121.0,-120.8,38.43867924528302,-120.9,True
1781,32,21,38.339622641509436,38.5377358490566,-120.8,-120.6,38.43867924528302,-120.69999999999999,True
1782,32,22,38.339622641509436,38.5377358490566,-120.6,-120.4,38.43867924528302,-120.5,True
1783,32,23,38.339622641509436,38.5377358490566,-120.4,-120.2,38.43867924528302,-120.30000000000001,True
1784,32,24,38.339622641509436,38.5377358490566,-120.2,-120.0,38.43867924528302,-120.1,True
1785,32,25,38.339622641509436,38.5377358490566,-120.0,-119.8,38.43867924528302,-119.9,True
1786,32,26,38.339622641509436,38.5377358490566,-119.8,-119.6,38.43867924528302,-119.69999999999999,True
1787,32,27,38.339622641509436,38.5377358490566,-119.6,-119.4,38.43867924528302,-119.5,True
1788,32,28,38.339622641509436,38.5377358490566,-119.4,-119.2,38.43867924528302,-119.30000000000001,True
1823,33,8,38.5377358490566,38.735849056603776,-123.4,-123.2,38.63679245283019,-123.30000000000001,True
1824,33,9,38.5377358490566,38.735849056603776,-123.2,-123.0,38.63679245283019,-123.1,True
1825,33,10,38.5377358490566,38.735849056603776,-123.0,-122.8,38.63679245283019,-122.9,True
1826,33,11,38.5377358490566,38.735849056603776,-122.8,-122.6,38.63679245283019,-122.69999999999999,True
1827,33,12,38.5377358490566,38.735849056603776,-122.6,-122.4,38.63679245283019,-122.5,True
1828,33,13,38.5377358490566,38.735849056603776,-122.4,-122.2,38.63679245283019,-122.30000000000001,True
1829,33,14,38.5377358490566,38.735849056603776,-122.2,-122.0,38.63679245283019,-122.1,True
1830,33,15,38.5377358490566,38.735849056603776,-122.0,-121.8,38.63679245283019,-121.9,True
1831,33,16,38.5377358490566,38.735849056603776,-121.8,-121.6,38.63679245283019,-121.69999999999999,True
1832,33,17,38.5377358490566,38.735849056603776,-121.6,-121.4,38.63679245283019,-121.5,True
1833,33,18,38.5377358490566,38.735849056603776,-121.4,-121.2,38.63679245283019,-121.30000000000001,True
1834,33,19,38.5377358490566,38.735849056603776,-121.2,-121.0,38.63679245283019,-121.1,True
1835,33,20,38.5377358490566,38.735849056603776,-121.0,-120.8,38.63679245283019,-120.9,True
1836,33,21,38.5377358490566,38.735849056603776,-120.8,-120.6,38.63679245283019,-120.69999999999999,True
1837,33,22,38.5377358490566,38.735849056603776,-120.6,-120.4,38.63679245283019,-120.5,True
1838,33,23,38.5377358490566,38.735849056603776,-120.4,-120.2,38.63679245283019,-120.30000000000001,True
1839,33,24,38.5377358490566,38.735849056603776,-120.2,-120.0,38.63679245283019,-120.1,True
1840,33,25,38.5377358490566,38.735849056603776,-120.0,-119.8,38.63679245283019,-119.9,True
1841,33,26,38.5377358490566,38.735849056603776,-119.8,-119.6,38.63679245283019,-119.69999999999999,True
1842,33,27,38.5377358490566,38.735849056603776,-119.6,-119.4,38.63679245283019,-119.5,True
1876,34,6,38.735849056603776,38.93396226415094,-123.8,-123.6,38.83490566037736,-123.69999999999999,True
1877,34,7,38.735849056603776,38.93396226415094,-123.6,-123.4,38.83490566037736,-123.5,True
1878,34,8,38.735849056603776,38.93396226415094,-123.4,-123.2,38.83490566037736,-123.30000000000001,True
1879,34,9,38.735849056603776,38.93396226415094,-123.2,-123.0,38.83490566037736,-123.1,True
1880,34,10,38.735849056603776,38.93396226415094,-123.0,-122.8,38.83490566037736,-122.9,True
1881,34,11,38.735849056603776,38.93396226415094,-122.8,-122.6,38.83490566037736,-122.69999999999999,True
1882,34,12,38.735849056603776,38.93396226415094,-122.6,-122.4,38.83490566037736,-122.5,True
1883,34,13,38.735849056603776,38.93396226415094,-122.4,-122.2,38.83490566037736,-122.30000000000001,True
1884,34,14,38.735849056603776,38.93396226415094,-122.2,-122.0,38.83490566037736,-122.1,True
1885,34,15,38.735849056603776,38.93396226415094,-122.0,-121.8,38.83490566037736,-121.9,True
1886,34,16,38.735849056603776,38.93396226415094,-121.8,-121.6,38.83490566037736,-121.69999999999999,True
1887,34,17,38.735849056603776,38.93396226415094,-121.6,-121.4,38.83490566037736,-121.5,True
1888,34,18,38.735849056603776,38.93396226415094,-121.4,-121.2,38.83490566037736,-121.30000000000001,True
1889,34,19,38.735849056603776,38.93396226415094,-121.2,-121.0,38.83490566037736,-121.1,True
1890,34,20,38.735849056603776,38.93396226415094,-121.0,-120.8,38.83490566037736,-120.9,True
1891,34,21,38.735849056603776,38.93396226415094,-120.8,-120.6,38.83490566037736,-120.69999999999999,True
1892,34,22,38.735849056603776,38.93396226415094,-120.6,-120.4,38.83490566037736,-120.5,True
1893,34,23,38.735849056603776,38.93396226415094,-120.4,-120.2,38.83490566037736,-120.30000000000001,True
1894,34,24,38.735849056603776,38.93396226415094,-120.2,-120.0,38.83490566037736,-120.1,True
1895,34,25,38.735849056603776,38.93396226415094,-120.0,-119.8,38.83490566037736,-119.9,True
1931,35,6,38.93396226415094,39.132075471698116,-123.8,-123.6,39.033018867924525,-123.69999999999999,True
1932,35,7,38.93396226415094,39.132075471698116,-123.6,-123.4,39.033018867924525,-123.5,True
1933,35,8,38.93396226415094,39.132075471698116,-123.4,-123.2,39.033018867924525,-123.30000000000001,True
1934,35,9,38.93396226415094,39.132075471698116,-123.2,-123.0,39.033018867924525,-123.1,True
1935,35,10,38.93396226415094,39.132075471698116,-123.0,-122.8,39.033018867924525,-122.9,True
1936,35,11,38.93396226415094,39.132075471698116,-122.8,-122.6,39.033018867924525,-122.69999999999999,True
1937,35,12,38.93396226415094,39.132075471698116,-122.6,-122.4,39.033018867924525,-122.5,True
1938,35,13,38.93396226415094,39.132075471698116,-122.4,-122.2,39.033018867924525,-122.30000000000001,True
1939,35,14,38.93396226415094,39.132075471698116,-122.2,-122.0,39.033018867924525,-122.1,True
1940,35,15,38.93396226415094,39.132075471698116,-122.0,-121.8,39.033018867924525,-121.9,True
1941,35,16,38.93396226415094,39.132075471698116,-121.8,-121.6,39.033018867924525,-121.69999999999999,True
1942,35,17,38.93396226415094,39.132075471698116,-121.6,-121.4,39.033018867924525,-121.5,True
1943,35,18,38.93396226415094,39.132075471698116,-121.4,-121.2,39.033018867924525,-121.30000000000001,True
1944,35,19,38.93396226415094,39.132075471698116,-121.2,-121.0,39.033018867924525,-121.1,True
1945,35,20,38.93396226415094,39.132075471698116,-121.0,-120.8,39.033018867924525,-120.9,True
1946,35,21,38.93396226415094,39.132075471698116,-120.8,-120.6,39.033018867924525,-120.69999999999999,True
1947,35,22,38.93396226415094,39.132075471698116,-120.6,-120.4,39.033018867924525,-120.5,True
1948,35,23,38.93396226415094,39.132075471698116,-120.4,-120.2,39.033018867924525,-120.30000000000001,True
1949,35,24,38.93396226415094,39.132075471698116,-120.2,-120.0,39.033018867924525,-120.1,True
1986,36,6,39.132075471698116,39.33018867924528,-123.8,-123.6,39.2311320754717,-123.69999999999999,True
1987,36,7,39.132075471698116,39.33018867924528,-123.6,-123.4,39.2311320754717,-123.5,True
1988,36,8,39.132075471698116,39.33018867924528,-123.4,-123.2,39.2311320754717,-123.30000000000001,True
1989,36,9,39.132075471698116,39.33018867924528,-123.2,-123.0,39.2311320754717,-123.1,True
1990,36,10,39.132075471698116,39.33018867924528,-123.0,-122.8,39.2311320754717,-122.9,True
1991,36,11,39.132075471698116,39.33018867924528,-122.8,-122.6,39.2311320754717,-122.69999999999999,True
1992,36,12,39.132075471698116,39.33018867924528,-122.6,-122.4,39.2311320754717,-122.5,True
1993,36,13,39.132075471698116,39.33018867924528,-122.4,-122.2,39.2311320754717,-122.30000000000001,True
1994,36,14,39.132075471698116,39.33018867924528,-122.2,-122.0,39.2311320754717,-122.1,True
1995,36,15,39.132075471698116,39.33018867924528,-122.0,-121.8,39.2311320754717,-121.9,True
1996,36,16,39.132075471698116,39.33018867924528,-121.8,-121.6,39.2311320754717,-121.69999999999999,True
1997,36,17,39.132075471698116,39.33018867924528,-121.6,-121.4,39.2311320754717,-121.5,True
1998,36,18,39.132075471698116,39.33018867924528,-121.4,-121.2,39.2311320754717,-121.30000000000001,True
1999,36,19,39.132075471698116,39.33018867924528,-121.2,-121.0,39.2311320754717,-121.1,True
2000,36,20,39.132075471698116,39.33018867924528,-121.0,-120.8,39.2311320754717,-120.9,True
2001,36,21,39.132075471698116,39.33018867924528,-120.8,-120.6,39.2311320754717,-120.69999999999999,True
2002,36,22,39.132075471698116,39.33018867924528,-120.6,-120.4,39.2311320754717,-120.5,True
2003,36,23,39.132075471698116,39.33018867924528,-120.4,-120.2,39.2311320754717,-120.30000000000001,True
2004,36,24,39.132075471698116,39.33018867924528,-120.2,-120.0,39.2311320754717,-120.1,True
2041,37,6,39.33018867924528,39.528301886792455,-123.8,-123.6,39.42924528301887,-123.69999999999999,True
2042,37,7,39.33018867924528,39.528301886792455,-123.6,-123.4,39.42924528301887,-123.5,True
2043,37,8,39.33018867924528,39.528301886792455,-123.4,-123.2,39.42924528301887,-123.30000000000001,True
2044,37,9,39.33018867924528,39.528301886792455,-123.2,-123.0,39.42924528301887,-123.1,True
2045,37,10,39.33018867924528,39.528301886792455,-123.0,-122.8,39.42924528301887,-122.9,True
2046,37,11,39.33018867924528,39.528301886792455,-122.8,-122.6,39.42924528301887,-122.69999999999999,True
2047,37,12,39.33018867924528,39.528301886792455,-122.6,-122.4,39.42924528301887,-122.5,True
2048,37,13,39.33018867924528,39.528301886792455,-122.4,-122.2,39.42924528301887,-122.30000000000001,True
2049,37,14,39.33018867924528,39.528301886792455,-122.2,-122.0,39.42924528301887,-122.1,True
2050,37,15,39.33018867924528,39.528301886792455,-122.0,-121.8,39.42924528301887,-121.9,True
2051,37,16,39.33018867924528,39.528301886792455,-121.8,-121.6,39.42924528301887,-121.69999999999999,True
2052,37,17,39.33018867924528,39.528301886792455,-121.6,-121.4,39.42924528301887,-121.5,True
2053,37,18,39.33018867924528,39.528301886792455,-121.4,-121.2,39.42924528301887,-121.30000000000001,True
2054,37,19,39.33018867924528,39.528301886792455,-121.2,-121.0,39.42924528301887,-121.1,True
2055,37,20,39.33018867924528,39.528301886792455,-121.0,-120.8,39.42924528301887,-120.9,True
2056,37,21,39.33018867924528,39.528301886792455,-120.8,-120.6,39.42924528301887,-120.69999999999999,True
2057,37,22,39.33018867924528,39.528301886792455,-120.6,-120.4,39.42924528301887,-120.5,True
2058,37,23,39.33018867924528,39.528301886792455,-120.4,-120.2,39.42924528301887,-120.30000000000001,True
2059,37,24,39.33018867924528,39.528301886792455,-120.2,-120.0,39.42924528301887,-120.1,True
2096,38,6,39.528301886792455,39.72641509433962,-123.8,-123.6,39.62735849056604,-123.69999999999999,True
2097,38,7,39.528301886792455,39.72641509433962,-123.6,-123.4,39.62735849056604,-123.5,True
2098,38,8,39.528301886792455,39.72641509433962,-123.4,-123.2,39.62735849056604,-123.30000000000001,True
2099,38,9,39.528301886792455,39.72641509433962,-123.2,-123.0,39.62735849056604,-123.1,True
2100,38,10,39.528301886792455,39.72641509433962,-123.0,-122.8,39.62735849056604,-122.9,True
2101,38,11,39.528301886792455,39.72641509433962,-122.8,-122.6,39.62735849056604,-122.69999999999999,True
2102,38,12,39.528301886792455,39.72641509433962,-122.6,-122.4,39.62735849056604,-122.5,True
2103,38,13,39.528301886792455,39.72641509433962,-122.4,-122.2,39.62735849056604,-122.30000000000001,True
2104,38,14,39.528301886792455,39.72641509433962,-122.2,-122.0,39.62735849056604,-122.1,True
2105,38,15,39.528301886792455,39.72641509433962,-122.0,-121.8,39.62735849056604,-121.9,True
2106,38,16,39.528301886792455,39.72641509433962,-121.8,-121.6,39.62735849056604,-121.69999999999999,True
2107,38,17,39.528301886792455,39.72641509433962,-121.6,-121.4,39.62735849056604,-121.5,True
2108,38,18,39.528301886792455,39.72641509433962,-121.4,-121.2,39.62735849056604,-121.30000000000001,True
2109,38,19,39.528301886792455,39.72641509433962,-121.2,-121.0,39.62735849056604,-121.1,True
2110,38,20,39.528301886792455,39.72641509433962,-121.0,-120.8,39.62735849056604,-120.9,True
2111,38,21,39.528301886792455,39.72641509433962,-120.8,-120.6,39.62735849056604,-120.69999999999999,True
2112,38,22,39.528301886792455,39.72641509433962,-120.6,-120.4,39.62735849056604,-120.5,True
2113,38,23,39.528301886792455,39.72641509433962,-120.4,-120.2,39.62735849056604,-120.30000000000001,True
2114,38,24,39.528301886792455,39.72641509433962,-120.2,-120.0,39.62735849056604,-120.1,True
2150,39,5,39.72641509433962,39.924528301886795,-124.0,-123.8,39.825471698113205,-123.9,True
2151,39,6,39.72641509433962,39.924528301886795,-123.8,-123.6,39.825471698113205,-123.69999999999999,True
2152,39,7,39.72641509433962,39.924528301886795,-123.6,-123.4,39.825471698113205,-123.5,True
2153,39,8,39.72641509433962,39.924528301886795,-123.4,-123.2,39.825471698113205,-123.30000000000001,True
2154,39,9,39.72641509433962,39.924528301886795,-123.2,-123.0,39.825471698113205,-123.1,True
2155,39,10,39.72641509433962,39.924528301886795,-123.0,-122.8,39.825471698113205,-122.9,True
2156,39,11,39.72641509433962,39.924528301886795,-122.8,-122.6,39.825471698113205,-122.69999999999999,True
2157,39,12,39.72641509433962,39.924528301886795,-122.6,-122.4,39.825471698113205,-122.5,True
2158,39,13,39.72641509433962,39.924528301886795,-122.4,-122.2,39.825471698113205,-122.30000000000001,True
2159,39,14,39.72641509433962,39.924528301886795,-122.2,-122.0,39.825471698113205,-122.1,True
2160,39,15,39.72641509433962,39.924528301886795,-122.0,-121.8,39.825471698113205,-121.9,True
2161,39,16,39.72641509433962,39.924528301886795,-121.8,-121.6,39.825471698113205,-121.69999999999999,True
2162,39,17,39.72641509433962,39.924528301886795,-121.6,-121.4,39.825471698113205,-121.5,True
2163,39,18,39.72641509433962,39.924528301886795,-121.4,-121.2,39.825471698113205,-121.30000000000001,True
2164,39,19,39.72641509433962,39.924528301886795,-121.2,-121.0,39.825471698113205,-121.1,True
2165,39,20,39.72641509433962,39.924528301886795,-121.0,-120.8,39.825471698113205,-120.9,True
2166,39,21,39.72641509433962,39.924528301886795,-120.8,-120.6,39.825471698113205,-120.69999999999999,True
2167,39,22,39.72641509433962,39.924528301886795,-120.6,-120.4,39.825471698113205,-120.5,True
2168,39,23,39.72641509433962,39.924528301886795,-120.4,-120.2,39.825471698113205,-120.30000000000001,True
2169,39,24,39.72641509433962,39.924528301886795,-120.2,-120.0,39.825471698113205,-120.1,True
2204,40,4,39.924528301886795,40.12264150943396,-124.2,-124.0,40.02358490566038,-124.1,True
2205,40,5,39.924528301886795,40.12264150943396,-124.0,-123.8,40.02358490566038,-123.9,True
2206,40,6,39.924528301886795,40.12264150943396,-123.8,-123.6,40.02358490566038,-123.69999999999999,True
2207,40,7,39.924528301886795,40.12264150943396,-123.6,-123.4,40.02358490566038,-123.5,True
2208,40,8,39.924528301886795,40.12264150943396,-123.4,-123.2,40.02358490566038,-123.30000000000001,True
2209,40,9,39.924528301886795,40.12264150943396,-123.2,-123.0,40.02358490566038,-123.1,True
2210,40,10,39.924528301886795,40.12264150943396,-123.0,-122.8,40.02358490566038,-122.9,True
2211,40,11,39.924528301886795,40.12264150943396,-122.8,-122.6,40.02358490566038,-122.69999999999999,True
2212,40,12,39.924528301886795,40.12264150943396,-122.6,-122.4,40.02358490566038,-122.5,True
2213,40,13,39.924528301886795,40.12264150943396,-122.4,-122.2,40.02358490566038,-122.30000000000001,True
2214,40,14,39.924528301886795,40.12264150943396,-122.2,-122.0,40.02358490566038,-122.1,True
2215,40,15,39.924528301886795,40.12264150943396,-122.0,-121.8,40.02358490566038,-121.9,True
2216,40,16,39.924528301886795,40.12264150943396,-121.8,-121.6,40.02358490566038,-121.69999999999999,True
2217,40,17,39.924528301886795,40.12264150943396,-121.6,-121.4,40.02358490566038,-121.5,True
2218,40,18,39.924528301886795,40.12264150943396,-121.4,-121.2,40.02358490566038,-121.30000000000001,True
2219,40,19,39.924528301886795,40.12264150943396,-121.2,-121.0,40.02358490566038,-121.1,True
2220,40,20,39.924528301886795,40.12264150943396,-121.0,-120.8,40.02358490566038,-120.9,True
2221,40,21,39.924528301886795,40.12264150943396,-120.8,-120.6,40.02358490566038,-120.69999999999999,True
2222,40,22,39.924528301886795,40.12264150943396,-120.6,-120.4,40.02358490566038,-120.5,True
2223,40,23,39.924528301886795,40.12264150943396,-120.4,-120.2,40.02358490566038,-120.30000000000001,True
2224,40,24,39.924528301886795,40.12264150943396,-120.2,-120.0,40.02358490566038,-120.1,True
2258,41,3,40.12264150943396,40.320754716981135,-124.4,-124.2,40.22169811320755,-124.30000000000001,True
2259,41,4,40.12264150943396,40.320754716981135,-124.2,-124.0,40.22169811320755,-124.1,True
2260,41,5,40.12264150943396,40.320754716981135,-124.0,-123.8,40.22169811320755,-123.9,True
2261,41,6,40.12264150943396,40.320754716981135,-123.8,-123.6,40.22169811320755,-123.69999999999999,True
2262,41,7,40.12264150943396,40.320754716981135,-123.6,-123.4,40.22169811320755,-123.5,True
2263,41,8,40.12264150943396,40.320754716981135,-123.4,-123.2,40.22169811320755,-123.30000000000001,True
2264,41,9,40.12264150943396,40.320754716981135,-123.2,-123.0,40.22169811320755,-123.1,True
2265,41,10,40.12264150943396,40.320754716981135,-123.0,-122.8,40.22169811320755,-122.9,True
2266,41,11,40.12264150943396,40.320754716981135,-122.8,-122.6,40.22169811320755,-122.69999999999999,True
2267,41,12,40.12264150943396,40.320754716981135,-122.6,-122.4,40.22169811320755,-122.5,True
2268,41,13,40.12264150943396,40.320754716981135,-122.4,-122.2,40.22169811320755,-122.30000000000001,True
2269,41,14,40.12264150943396,40.320754716981135,-122.2,-122.0,40.22169811320755,-122.1,True
2270,41,15,40.12264150943396,40.320754716981135,-122.0,-121.8,40.22169811320755,-121.9,True
2271,41,16,40.12264150943396,40.320754716981135,-121.8,-121.6,40.22169811320755,-121.69999999999999,True
2272,41,17,40.12264150943396,40.320754716981135,-121.6,-121.4,40.22169811320755,-121.5,True
2273,41,18,40.12264150943396,40.320754716981135,-121.4,-121.2,40.22169811320755,-121.30000000000001,True
2274,41,19,40.12264150943396,40.320754716981135,-121.2,-121.0,40.22169811320755,-121.1,True
2275,41,20,40.12264150943396,40.320754716981135,-121.0,-120.8,40.22169811320755,-120.9,True
2276,41,21,40.12264150943396,40.320754716981135,-120.8,-120.6,40.22169811320755,-120.69999999999999,True
2277,41,22,40.12264150943396,40.320754716981135,-120.6,-120.4,40.22169811320755,-120.5,True
2278,41,23,40.12264150943396,40.320754716981135,-120.4,-120.2,40.22169811320755,-120.30000000000001,True
2279,41,24,40.12264150943396,40.320754716981135,-120.2,-120.0,40.22169811320755,-120.1,True
2313,42,3,40.320754716981135,40.5188679245283,-124.4,-124.2,40.41981132075472,-124.30000000000001,True
2314,42,4,40.320754716981135,40.5188679245283,-124.2,-124.0,40.41981132075472,-124.1,True
2315,42,5,40.320754716981135,40.5188679245283,-124.0,-123.8,40.41981132075472,-123.9,True
2316,42,6,40.320754716981135,40.5188679245283,-123.8,-123.6,40.41981132075472,-123.69999999999999,True
2317,42,7,40.320754716981135,40.5188679245283,-123.6,-123.4,40.41981132075472,-123.5,True
2318,42,8,40.320754716981135,40.5188679245283,-123.4,-123.2,40.41981132075472,-123.30000000000001,True
2319,42,9,40.320754716981135,40.5188679245283,-123.2,-123.0,40.41981132075472,-123.1,True
2320,42,10,40.320754716981135,40.5188679245283,-123.0,-122.8,40.41981132075472,-122.9,True
2321,42,11,40.320754716981135,40.5188679245283,-122.8,-122.6,40.41981132075472,-122.69999999999999,True
2322,42,12,40.320754716981135,40.5188679245283,-122.6,-122.4,40.41981132075472,-122.5,True
2323,42,13,40.320754716981135,40.5188679245283,-122.4,-122.2,40.41981132075472,-122.30000000000001,True
2324,42,14,40.320754716981135,40.5188679245283,-122.2,-122.0,40.41981132075472,-122.1,True
2325,42,15,40.320754716981135,40.5188679245283,-122.0,-121.8,40.41981132075472,-121.9,True
2326,42,16,40.320754716981135,40.5188679245283,-121.8,-121.6,40.41981132075472,-121.69999999999999,True
2327,42,17,40.320754716981135,40.5188679245283,-121.6,-121.4,40.41981132075472,-121.5,True
2328,42,18,40.320754716981135,40.5188679245283,-121.4,-121.2,40.41981132075472,-121.30000000000001,True
2329,42,19,40.320754716981135,40.5188679245283,-121.2,-121.0,40.41981132075472,-121.1,True
2330,42,20,40.320754716981135,40.5188679245283,-121.0,-120.8,40.41981132075472,-120.9,True
2331,42,21,40.320754716981135,40.5188679245283,-120.8,-120.6,40.41981132075472,-120.69999999999999,True
2332,42,22,40.320754716981135,40.5188679245283,-120.6,-120.4,40.41981132075472,-120.5,True
2333,42,23,40.320754716981135,40.5188679245283,-120.4,-120.2,40.41981132075472,-120.30000000000001,True
2334,42,24,40.320754716981135,40.5188679245283,-120.2,-120.0,40.41981132075472,-120.1,True
2368,43,3,40.5188679245283,40.716981132075475,-124.4,-124.2,40.617924528301884,-124.30000000000001,True
2369,43,4,40.5188679245283,40.716981132075475,-124.2,-124.0,40.617924528301884,-124.1,True
2370,43,5,40.5188679245283,40.716981132075475,-124.0,-123.8,40.617924528301884,-123.9,True
2371,43,6,40.5188679245283,40.716981132075475,-123.8,-123.6,40.617924528301884,-123.69999999999999,True
2372,43,7,40.5188679245283,40.716981132075475,-123.6,-123.4,40.617924528301884,-123.5,True
2373,43,8,40.5188679245283,40.716981132075475,-123.4,-123.2,40.617924528301884,-123.30000000000001,True
2374,43,9,40.5188679245283,40.716981132075475,-123.2,-123.0,40.617924528301884,-123.1,True
2375,43,10,40.5188679245283,40.716981132075475,-123.0,-122.8,40.617924528301884,-122.9,True
2376,43,11,40.5188679245283,40.716981132075475,-122.8,-122.6,40.617924528301884,-122.69999999999999,True
2377,43,12,40.5188679245283,40.716981132075475,-122.6,-122.4,40.617924528301884,-122.5,True
2378,43,13,40.5188679245283,40.716981132075475,-122.4,-122.2,40.617924528301884,-122.30000000000001,True
2379,43,14,40.5188679245283,40.716981132075475,-122.2,-122.0,40.617924528301884,-122.1,True
2380,43,15,40.5188679245283,40.716981132075475,-122.0,-121.8,40.617924528301884,-121.9,True
2381,43,16,40.5188679245283,40.716981132075475,-121.8,-121.6,40.617924528301884,-121.69999999999999,True
2382,43,17,40.5188679245283,40.716981132075475,-121.6,-121.4,40.617924528301884,-121.5,True
2383,43,18,40.5188679245283,40.716981132075475,-121.4,-121.2,40.617924528301884,-121.30000000000001,True
2384,43,19,40.5188679245283,40.716981132075475,-121.2,-121.0,40.617924528301884,-121.1,True
2385,43,20,40.5188679245283,40.716981132075475,-121.0,-120.8,40.617924528301884,-120.9,True
2386,43,21,40.5188679245283,40.716981132075475,-120.8,-120.6,40.617924528301884,-120.69999999999999,True
2387,43,22,40.5188679245283,40.716981132075475,-120.6,-120.4,40.617924528301884,-120.5,True
2388,43,23,40.5188679245283,40.716981132075475,-120.4,-120.2,40.617924528301884,-120.30000000000001,True
2389,43,24,40.5188679245283,40.716981132075475,-120.2,-120.0,40.617924528301884,-120.1,True
2424,44,4,40.716981132075475,40.91509433962264,-124.2,-124.0,40.81603773584906,-124.1,True
2425,44,5,40.716981132075475,40.91509433962264,-124.0,-123.8,40.81603773584906,-123.9,True
2426,44,6,40.716981132075475,40.91509433962264,-123.8,-123.6,40.81603773584906,-123.69999999999999,True
2427,44,7,40.716981132075475,40.91509433962264,-123.6,-123.4,40.81603773584906,-123.5,True
2428,44,8,40.716981132075475,40.91509433962264,-123.4,-123.2,40.81603773584906,-123.30000000000001,True
2429,44,9,40.716981132075475,40.91509433962264,-123.2,-123.0,40.81603773584906,-123.1,True
2430,44,10,40.716981132075475,40.91509433962264,-123.0,-122.8,40.81603773584906,-122.9,True
2431,44,11,40.716981132075475,40.91509433962264,-122.8,-122.6,40.81603773584906,-122.69999999999999,True
2432,44,12,40.716981132075475,40.91509433962264,-122.6,-122.4,40.81603773584906,-122.5,True
2433,44,13,40.716981132075475,40.91509433962264,-122.4,-122.2,40.81603773584906,-122.30000000000001,True
2434,44,14,40.716981132075475,40.91509433962264,-122.2,-122.0,40.81603773584906,-122.1,True
2435,44,15,40.716981132075475,40.91509433962264,-122.0,-121.8,40.81603773584906,-121.9,True
2436,44,16,40.716981132075475,40.91509433962264,-121.8,-121.6,40.81603773584906,-121.69999999999999,True
2437,44,17,40.716981132075475,40.91509433962264,-121.6,-121.4,40.81603773584906,-121.5,True
2438,44,18,40.716981132075475,40.91509433962264,-121.4,-121.2,40.81603773584906,-121.30000000000001,True
2439,44,19,40.716981132075475,40.91509433962264,-121.2,-121.0,40.81603773584906,-121.1,True
2440,44,20,40.716981132075475,40.91509433962264,-121.0,-120.8,40.81603773584906,-120.9,True
2441,44,21,40.716981132075475,40.91509433962264,-120.8,-120.6,40.81603773584906,-120.69999999999999,True
2442,44,22,40.716981132075475,40.91509433962264,-120.6,-120.4,40.81603773584906,-120.5,True
2443,44,23,40.716981132075475,40.91509433962264,-120.4,-120.2,40.81603773584906,-120.30000000000001,True
2444,44,24,40.716981132075475,40.91509433962264,-120.2,-120.0,40.81603773584906,-120.1,True
2479,45,4,40.91509433962264,41.113207547169814,-124.2,-124.0,41.01415094339623,-124.1,True
2480,45,5,40.91509433962264,41.113207547169814,-124.0,-123.8,41.01415094339623,-123.9,True
2481,45,6,40.91509433962264,41.113207547169814,-123.8,-123.6,41.01415094339623,-123.69999999999999,True
2482,45,7,40.91509433962264,41.113207547169814,-123.6,-123.4,41.01415094339623,-123.5,True
2483,45,8,40.91509433962264,41.113207547169814,-123.4,-123.2,41.01415094339623,-123.30000000000001,True
2484,45,9,40.91509433962264,41.113207547169814,-123.2,-123.0,41.01415094339623,-123.1,True
2485,45,10,40.91509433962264,41.113207547169814,-123.0,-122.8,41.01415094339623,-122.9,True
2486,45,11,40.91509433962264,41.113207547169814,-122.8,-122.6,41.01415094339623,-122.69999999999999,True
2487,45,12,40.91509433962264,41.113207547169814,-122.6,-122.4,41.01415094339623,-122.5,True
2488,45,13,40.91509433962264,41.113207547169814,-122.4,-122.2,41.01415094339623,-122.30000000000001,True
2489,45,14,40.91509433962264,41.113207547169814,-122.2,-122.0,41.01415094339623,-122.1,True
2490,45,15,40.91509433962264,41.113207547169814,-122.0,-121.8,41.01415094339623,-121.9,True
2491,45,16,40.91509433962264,41.113207547169814,-121.8,-121.6,41.01415094339623,-121.69999999999999,True
2492,45,17,40.91509433962264,41.113207547169814,-121.6,-121.4,41.01415094339623,-121.5,True
2493,45,18,40.91509433962264,41.113207547169814,-121.4,-121.2,41.01415094339623,-121.30000000000001,True
2494,45,19,40.91509433962264,41.113207547169814,-121.2,-121.0,41.01415094339623,-121.1,True
2495,45,20,40.91509433962264,41.113207547169814,-121.0,-120.8,41.01415094339623,-120.9,True
2496,45,21,40.91509433962264,41.113207547169814,-120.8,-120.6,41.01415094339623,-120.69999999999999,True
2497,45,22,40.91509433962264,41.113207547169814,-120.6,-120.4,41.01415094339623,-120.5,True
2498,45,23,40.91509433962264,41.113207547169814,-120.4,-120.2,41.01415094339623,-120.30000000000001,True
2499,45,24,40.91509433962264,41.113207547169814,-120.2,-120.0,41.01415094339623,-120.1,True
2534,46,4,41.113207547169814,41.31132075471698,-124.2,-124.0,41.2122641509434,-124.1,True
2535,46,5,41.113207547169814,41.31132075471698,-124.0,-123.8,41.2122641509434,-123.9,True
2536,46,6,41.113207547169814,41.31132075471698,-123.8,-123.6,41.2122641509434,-123.69999999999999,True
2537,46,7,41.113207547169814,41.31132075471698,-123.6,-123.4,41.2122641509434,-123.5,True
2538,46,8,41.113207547169814,41.31132075471698,-123.4,-123.2,41.2122641509434,-123.30000000000001,True
2539,46,9,41.113207547169814,41.31132075471698,-123.2,-123.0,41.2122641509434,-123.1,True
2540,46,10,41.113207547169814,41.31132075471698,-123.0,-122.8,41.2122641509434,-122.9,True
2541,46,11,41.113207547169814,41.31132075471698,-122.8,-122.6,41.2122641509434,-122.69999999999999,True
2542,46,12,41.113207547169814,41.31132075471698,-122.6,-122.4,41.2122641509434,-122.5,True
2543,46,13,41.113207547169814,41.31132075471698,-122.4,-122.2,41.2122641509434,-122.30000000000001,True
2544,46,14,41.113207547169814,41.31132075471698,-122.2,-122.0,41.2122641509434,-122.1,True
2545,46,15,41.113207547169814,41.31132075471698,-122.0,-121.8,41.2122641509434,-121.9,True
2546,46,16,41.113207547169814,41.31132075471698,-121.8,-121.6,41.2122641509434,-121.69999999999999,True
2547,46,17,41.113207547169814,41.31132075471698,-121.6,-121.4,41.2122641509434,-121.5,True
2548,46,18,41.113207547169814,41.31132075471698,-121.4,-121.2,41.2122641509434,-121.30000000000001,True
2549,46,19,41.113207547169814,41.31132075471698,-121.2,-121.0,41.2122641509434,-121.1,True
2550,46,20,41.113207547169814,41.31132075471698,-121.0,-120.8,41.2122641509434,-120.9,True
2551,46,21,41.113207547169814,41.31132075471698,-120.8,-120.6,41.2122641509434,-120.69999999999999,True
2552,46,22,41.113207547169814,41.31132075471698,-120.6,-120.4,41.2122641509434,-120.5,True
2553,46,23,41.113207547169814,41.31132075471698,-120.4,-120.2,41.2122641509434,-120.30000000000001,True
2554,46,24,41.113207547169814,41.31132075471698,-120.2,-120.0,41.2122641509434,-120.1,True
2589,47,4,41.31132075471698,41.509433962264154,-124.2,-124.0,41.410377358490564,-124.1,True
2590,47,5,41.31132075471698,41.509433962264154,-124.0,-123.8,41.410377358490564,-123.9,True
2591,47,6,41.31132075471698,41.509433962264154,-123.8,-123.6,41.410377358490564,-123.69999999999999,True
2592,47,7,41.31132075471698,41.509433962264154,-123.6,-123.4,41.410377358490564,-123.5,True
2593,47,8,41.31132075471698,41.509433962264154,-123.4,-123.2,41.410377358490564,-123.30000000000001,True
2594,47,9,41.31132075471698,41.509433962264154,-123.2,-123.0,41.410377358490564,-123.1,True
2595,47,10,41.31132075471698,41.509433962264154,-123.0,-122.8,41.410377358490564,-122.9,True
2596,47,11,41.31132075471698,41.509433962264154,-122.8,-122.6,41.410377358490564,-122.69999999999999,True
2597,47,12,41.31132075471698,41.509433962264154,-122.6,-122.4,41.410377358490564,-122.5,True
2598,47,13,41.31132075471698,41.509433962264154,-122.4,-122.2,41.410377358490564,-122.30000000000001,True
2599,47,14,41.31132075471698,41.509433962264154,-122.2,-122.0,41.410377358490564,-122.1,True
2600,47,15,41.31132075471698,41.509433962264154,-122.0,-121.8,41.410377358490564,-121.9,True
2601,47,16,41.31132075471698,41.509433962264154,-121.8,-121.6,41.410377358490564,-121.69999999999999,True
2602,47,17,41.31132075471698,41.509433962264154,-121.6,-121.4,41.410377358490564,-121.5,True
2603,47,18,41.31132075471698,41.509433962264154,-121.4,-121.2,41.410377358490564,-121.30000000000001,True
2604,47,19,41.31132075471698,41.509433962264154,-121.2,-121.0,41.410377358490564,-121.1,True
2605,47,20,41.31132075471698,41.509433962264154,-121.0,-120.8,41.410377358490564,-120.9,True
2606,47,21,41.31132075471698,41.509433962264154,-120.8,-120.6,41.410377358490564,-120.69999999999999,True
2607,47,22,41.31132075471698,41.509433962264154,-120.6,-120.4,41.410377358490564,-120.5,True
2608,47,23,41.31132075471698,41.509433962264154,-120.4,-120.2,41.410377358490564,-120.30000000000001,True
2609,47,24,41.31132075471698,41.509433962264154,-120.2,-120.0,41.410377358490564,-120.1,True
2644,48,4,41.509433962264154,41.70754716981132,-124.2,-124.0,41.60849056603774,-124.1,True
2645,48,5,41.509433962264154,41.70754716981132,-124.0,-123.8,41.60849056603774,-123.9,True
2646,48,6,41.509433962264154,41.70754716981132,-123.8,-123.6,41.60849056603774,-123.69999999999999,True
2647,48,7,41.509433962264154,41.70754716981132,-123.6,-123.4,41.60849056603774,-123.5,True
2648,48,8,41.509433962264154,41.70754716981132,-123.4,-123.2,41.60849056603774,-123.30000000000001,True
2649,48,9,41.509433962264154,41.70754716981132,-123.2,-123.0,41.60849056603774,-123.1,True
2650,48,10,41.509433962264154,41.70754716981132,-123.0,-122.8,41.60849056603774,-122.9,True
2651,48,11,41.509433962264154,41.70754716981132,-122.8,-122.6,41.60849056603774,-122.69999999999999,True
2652,48,12,41.509433962264154,41.70754716981132,-122.6,-122.4,41.60849056603774,-122.5,True
2653,48,13,41.509433962264154,41.70754716981132,-122.4,-122.2,41.60849056603774,-122.30000000000001,True
2654,48,14,41.509433962264154,41.70754716981132,-122.2,-122.0,41.60849056603774,-122.1,True
2655,48,15,41.509433962264154,41.70754716981132,-122.0,-121.8,41.60849056603774,-121.9,True
2656,48,16,41.509433962264154,41.70754716981132,-121.8,-121.6,41.60849056603774,-121.69999999999999,True
2657,48,17,41.509433962264154,41.70754716981132,-121.6,-121.4,41.60849056603774,-121.5,True
2658,48,18,41.509433962264154,41.70754716981132,-121.4,-121.2,41.60849056603774,-121.30000000000001,True
2659,48,19,41.509433962264154,41.70754716981132,-121.2,-121.0,41.60849056603774,-121.1,True
2660,48,20,41.509433962264154,41.70754716981132,-121.0,-120.8,41.60849056603774,-120.9,True
2661,48,21,41.509433962264154,41.70754716981132,-120.8,-120.6,41.60849056603774,-120.69999999999999,True
2662,48,22,41.509433962264154,41.70754716981132,-120.6,-120.4,41.60849056603774,-120.5,True
2663,48,23,41.509433962264154,41.70754716981132,-120.4,-120.2,41.60849056603774,-120.30000000000001,True
2664,48,24,41.509433962264154,41.70754716981132,-120.2,-120.0,41.60849056603774,-120.1,True
2698,49,3,41.70754716981132,41.90566037735849,-124.4,-124.2,41.806603773584904,-124.30000000000001,True
2699,49,4,41.70754716981132,41.90566037735849,-124.2,-124.0,41.806603773584904,-124.1,True
2700,49,5,41.70754716981132,41.90566037735849,-124.0,-123.8,41.806603773584904,-123.9,True
2701,49,6,41.70754716981132,41.90566037735849,-123.8,-123.6,41.806603773584904,-123.69999999999999,True
2702,49,7,41.70754716981132,41.90566037735849,-123.6,-123.4,41.806603773584904,-123.5,True
2703,49,8,41.70754716981132,41.90566037735849,-123.4,-123.2,41.806603773584904,-123.30000000000001,True
2704,49,9,41.70754716981132,41.90566037735849,-123.2,-123.0,41.806603773584904,-123.1,True
2705,49,10,41.70754716981132,41.90566037735849,-123.0,-122.8,41.806603773584904,-122.9,True
2706,49,11,41.70754716981132,41.90566037735849,-122.8,-122.6,41.806603773584904,-122.69999999999999,True
2707,49,12,41.70754716981132,41.90566037735849,-122.6,-122.4,41.806603773584904,-122.5,True
2708,49,13,41.70754716981132,41.90566037735849,-122.4,-122.2,41.806603773584904,-122.30000000000001,True
2709,49,14,41.70754716981132,41.90566037735849,-122.2,-122.0,41.806603773584904,-122.1,True
2710,49,15,41.70754716981132,41.90566037735849,-122.0,-121.8,41.806603773584904,-121.9,True
2711,49,16,41.70754716981132,41.90566037735849,-121.8,-121.6,41.806603773584904,-121.69999999999999,True
2712,49,17,41.70754716981132,41.90566037735849,-121.6,-121.4,41.806603773584904,-121.5,True
2713,49,18,41.70754716981132,41.90566037735849,-121.4,-121.2,41.806603773584904,-121.30000000000001,True
2714,49,19,41.70754716981132,41.90566037735849,-121.2,-121.0,41.806603773584904,-121.1,True
2715,49,20,41.70754716981132,41.90566037735849,-121.0,-120.8,41.806603773584904,-120.9,True
2716,49,21,41.70754716981132,41.90566037735849,-120.8,-120.6,41.806603773584904,-120.69999999999999,True
2717,49,22,41.70754716981132,41.90566037735849,-120.6,-120.4,41.806603773584904,-120.5,True
2718,49,23,41.70754716981132,41.90566037735849,-120.4,-120.2,41.806603773584904,-120.30000000000001,True
2719,49,24,41.70754716981132,41.90566037735849,-120.2,-120.0,41.806603773584904,-120.1,True
2759,50,9,41.90566037735849,42.10377358490566,-123.2,-123.0,42.00471698113208,-123.1,True
2762,50,12,41.90566037735849,42.10377358490566,-122.6,-122.4,42.00471698113208,-122.5,True
2763,50,13,41.90566037735849,42.10377358490566,-122.4,-122.2,42.00471698113208,-122.30000000000001,True
2764,50,14,41.90566037735849,42.10377358490566,-122.2,-122.0,42.00471698113208,-122.1,True
